"","year","state","district","candidate","party","candidatevotes","totalvotes"
"24037",2012,"Alabama",1,NA,NA,4302,200676
"24038",2012,"Alabama",1,"Jo Bonner","republican",196374,200676
"24039",2012,"Alabama",2,"Therese Ford","democrat",103092,283953
"24040",2012,"Alabama",2,NA,NA,270,283953
"24041",2012,"Alabama",2,"Martha Roby","republican",180591,283953
"24042",2012,"Alabama",3,"Mike Rogers","republican",175306,273930
"24043",2012,"Alabama",3,"John Andrew Harris","democrat",98141,273930
"24044",2012,"Alabama",3,NA,NA,483,273930
"24045",2012,"Alabama",4,"Daniel H. Boman","democrat",69706,269118
"24046",2012,"Alabama",4,NA,NA,341,269118
"24047",2012,"Alabama",4,"Robert B. Aderholt","republican",199071,269118
"24048",2012,"Alabama",5,NA,NA,336,291293
"24049",2012,"Alabama",5,"Charlie L. Holley","democrat",101772,291293
"24050",2012,"Alabama",5,"Mo Brooks","republican",189185,291293
"24051",2012,"Alabama",6,"Penny H. Bailey","democrat",88267,308102
"24052",2012,"Alabama",6,NA,NA,573,308102
"24053",2012,"Alabama",6,"Spencer Bachus","republican",219262,308102
"24054",2012,"Alabama",7,"Don Chamberlain","republican",73835,306558
"24055",2012,"Alabama",7,"Terri A. Sewell","democrat",232520,306558
"24056",2012,"Alabama",7,NA,NA,203,306558
"24057",2012,"Alaska",0,"Jim C. McDermott","libertarian",15028,289804
"24058",2012,"Alaska",0,NA,NA,964,289804
"24059",2012,"Alaska",0,"Don Young","republican",185296,289804
"24060",2012,"Alaska",0,"Ted Gianoutsos","nominated by petition",5589,289804
"24061",2012,"Alaska",0,"Sharon M. Cissna","democrat",82927,289804
"24062",2012,"Arizona",1,"Kim Allen","libertarian",15227,251595
"24063",2012,"Arizona",1,"Ann Kirkpatrick","democrat",122774,251595
"24064",2012,"Arizona",1,"Jonathan Paton","republican",113594,251595
"24065",2012,"Arizona",2,"Martha McSally","republican",144884,292279
"24066",2012,"Arizona",2,"Ron Barber","democrat",147338,292279
"24067",2012,"Arizona",2,NA,NA,57,292279
"24068",2012,"Arizona",3,"Ra_l M. Grijalva","democrat",98468,168698
"24069",2012,"Arizona",3,"Blanca Guerra","libertarian",7567,168698
"24070",2012,"Arizona",3,"Gabriela Saucedo Mercer","republican",62663,168698
"24071",2012,"Arizona",4,"Richard Grayson","americans elect",2393,243760
"24072",2012,"Arizona",4,"Joe Pamelia","libertarian",9306,243760
"24073",2012,"Arizona",4,"Johnnie Robinson","democrat",69154,243760
"24074",2012,"Arizona",4,"Paul A. Gosar","republican",162907,243760
"24075",2012,"Arizona",5,"Matt Salmon","republican",183470,273059
"24076",2012,"Arizona",5,"Spencer Morgan","democrat",89589,273059
"24077",2012,"Arizona",6,"Mark Salazar","green",5637,293177
"24078",2012,"Arizona",6,"Jack Anderson","libertarian",10167,293177
"24079",2012,"Arizona",6,NA,NA,1,293177
"24080",2012,"Arizona",6,"David Schweikert","republican",179706,293177
"24081",2012,"Arizona",6,"Matt Jette","democrat",97666,293177
"24082",2012,"Arizona",7,"Joe Cobb","libertarian",23338,127827
"24083",2012,"Arizona",7,"Ed Pastor","democrat",104489,127827
"24084",2012,"Arizona",8,"Gene Scharer","democrat",95635,272791
"24085",2012,"Arizona",8,"Stephen Dolgos","americans elect",4347,272791
"24086",2012,"Arizona",8,"Trent Franks","republican",172809,272791
"24087",2012,"Arizona",9,"Vernon B. Parker","republican",111630,250131
"24088",2012,"Arizona",9,"Powell Gammill","libertarian",16620,250131
"24089",2012,"Arizona",9,"Kyrsten Sinema","democrat",121881,250131
"24090",2012,"Arkansas",1,"Jessica Paxton","libertarian",6427,246843
"24091",2012,"Arkansas",1,"Jacob Holloway","green",5015,246843
"24092",2012,"Arkansas",1,"Eric A. """"Rick"""" Crawford","republican",138800,246843
"24093",2012,"Arkansas",1,"Scott Ellington","democrat",96601,246843
"24094",2012,"Arkansas",2,"Tim Griffin","republican",158175,286598
"24095",2012,"Arkansas",2,"Herb Rule","democrat",113156,286598
"24096",2012,"Arkansas",2,"Chris Hayes","libertarian",6701,286598
"24097",2012,"Arkansas",2,"Barbara Ward","green",8566,286598
"24098",2012,"Arkansas",3,"David Pangrac","libertarian",19875,245660
"24099",2012,"Arkansas",3,"Steve Womack","republican",186467,245660
"24100",2012,"Arkansas",3,"Rebekah J. Kennedy","green",39318,245660
"24101",2012,"Arkansas",4,"Tom Cotton","republican",154149,258953
"24102",2012,"Arkansas",4,"J. Joshua Drake","green",4807,258953
"24103",2012,"Arkansas",4,"Bobby Tullis","libertarian",4984,258953
"24104",2012,"Arkansas",4,"Gene Jeffress","democrat",95013,258953
"24105",2012,"California",1,"Jim Reed","democrat",125386,294213
"24106",2012,"California",1,"Doug La Malfa","republican",168827,294213
"24107",2012,"California",2,"Jared Huffman","democrat",226216,317526
"24108",2012,"California",2,"Daniel W. Roberts","republican",91310,317526
"24109",2012,"California",3,"Kim Vann","republican",107086,233968
"24110",2012,"California",3,"John Garamendi","democrat",126882,233968
"24111",2012,"California",4,"Tom McClintock","republican",197803,323688
"24112",2012,"California",4,"Jack Uppal","democrat",125885,323688
"24113",2012,"California",5,"Randy Loftin","republican",69545,272417
"24114",2012,"California",5,"Mike Thompson","democrat",202872,272417
"24115",2012,"California",6,"Doris O. Matsui","democrat",160667,214073
"24116",2012,"California",6,"Joseph McCray, Sr.","republican",53406,214073
"24117",2012,"California",7,"Daniel E. Lungren","republican",132050,273291
"24118",2012,"California",7,"Ami Bera","democrat",141241,273291
"24119",2012,"California",8,"Gregg Imus","republican",76551,179644
"24120",2012,"California",8,"Paul Cook","republican",103093,179644
"24121",2012,"California",9,"Ricky Gill","republican",94704,213077
"24122",2012,"California",9,"Jerry McNerney","democrat",118373,213077
"24123",2012,"California",10,"Jeff Denham","republican",110265,209199
"24124",2012,"California",10,"Jose Hernandez","democrat",98934,209199
"24125",2012,"California",11,"George Miller","democrat",200743,287879
"24126",2012,"California",11,"Virginia Fuller","republican",87136,287879
"24127",2012,"California",12,"John Dennis","republican",44478,298187
"24128",2012,"California",12,"Nancy Pelosi","democrat",253709,298187
"24129",2012,"California",13,"Barbara Lee","democrat",250436,288582
"24130",2012,"California",13,"Marilyn M. Singleton","none",38146,288582
"24131",2012,"California",14,"Deborah ??Debbie?? Bacigalupi","republican",54455,258283
"24132",2012,"California",14,"Jackie Speier","democrat",203828,258283
"24133",2012,"California",15,"Fortney Pete Stark","democrat",110646,231034
"24134",2012,"California",15,"Eric Swalwell","democrat",120388,231034
"24135",2012,"California",16,"Jim Costa","democrat",84649,147450
"24136",2012,"California",16,"Brian Daniel Whelan","republican",62801,147450
"24137",2012,"California",17,"Evelyn Li","republican",57336,216728
"24138",2012,"California",17,"Michael M. Honda","democrat",159392,216728
"24139",2012,"California",18,"Anna G. Eshoo","democrat",212831,301934
"24140",2012,"California",18,"Dave Chapman","republican",89103,301934
"24141",2012,"California",19,"Zoe Lofgren","democrat",162300,221613
"24142",2012,"California",19,"Robert Murray","republican",59313,221613
"24143",2012,"California",20,"Sam Farr","democrat",172996,233562
"24144",2012,"California",20,"Jeff Taylor","republican",60566,233562
"24145",2012,"California",21,"John Hernandez","democrat",49119,116283
"24146",2012,"California",21,"David G. Valadao","republican",67164,116283
"24147",2012,"California",22,"Otto Lee","democrat",81555,213941
"24148",2012,"California",22,"Devin Nunes","republican",132386,213941
"24149",2012,"California",23,"Kevin McCarthy","republican",158161,216003
"24150",2012,"California",23,"Terry Phillips","none",57842,216003
"24151",2012,"California",24,"Lois Capps","democrat",156749,284495
"24152",2012,"California",24,"Abel Maldonado","republican",127746,284495
"24153",2012,"California",25,"Lee C. Rogers","democrat",106982,236575
"24154",2012,"California",25,"Howard P. ??Buck?? McKeon","republican",129593,236575
"24155",2012,"California",26,"Julia Brownley","democrat",139072,263935
"24156",2012,"California",26,"Tony Strickland","republican",124863,263935
"24157",2012,"California",27,"Judy Chu","democrat",154191,241008
"24158",2012,"California",27,"Jack Orswell","republican",86817,241008
"24159",2012,"California",28,"Phil Jennerjahn","republican",58008,246711
"24160",2012,"California",28,"Adam B. Schiff","democrat",188703,246711
"24161",2012,"California",29,"David R. Hernandez","none",38994,150281
"24162",2012,"California",29,"Tony Cardenas","democrat",111287,150281
"24163",2012,"California",30,"Howard L. Berman","democrat",98395,247851
"24164",2012,"California",30,"Brad Sherman","democrat",149456,247851
"24165",2012,"California",31,"Bob Dutton","republican",72255,161219
"24166",2012,"California",31,"Gary G. Miller","republican",88964,161219
"24167",2012,"California",32,"David L. Miller","republican",65208,190111
"24168",2012,"California",32,"Grace F. Napolitano","democrat",124903,190111
"24169",2012,"California",33,"Henry A. Waxman","democrat",171860,318520
"24170",2012,"California",33,"Bill Bloomfield","none",146660,318520
"24171",2012,"California",34,"Stephen C. Smith","republican",20223,140590
"24172",2012,"California",34,"Xavier Becerra","democrat",120367,140590
"24173",2012,"California",35,"Joe Baca","democrat",62982,142680
"24174",2012,"California",35,"Gloria Negrete McLeod","democrat",79698,142680
"24175",2012,"California",36,"Mary Bono Mack","republican",97953,208142
"24176",2012,"California",36,"Raul Ruiz","democrat",110189,208142
"24177",2012,"California",37,"Morgan Osborne","republican",32541,239580
"24178",2012,"California",37,"Karen Bass","democrat",207039,239580
"24179",2012,"California",38,"Linda T. S_nchez","democrat",145280,215087
"24180",2012,"California",38,"Benjamin Campos","republican",69807,215087
"24181",2012,"California",39,"Edward R. Royce","republican",145607,251967
"24182",2012,"California",39,"Jay Chen","democrat",106360,251967
"24183",2012,"California",40,"Lucille Roybal-Allard","democrat",73940,125553
"24184",2012,"California",40,"David Sanchez","democrat",51613,125553
"24185",2012,"California",41,"John Tavaglione","republican",72074,175652
"24186",2012,"California",41,"Mark Takano","democrat",103578,175652
"24187",2012,"California",42,"Michael Williamson","democrat",84702,214947
"24188",2012,"California",42,"Ken Calvert","republican",130245,214947
"24189",2012,"California",43,"Maxine Waters","democrat",143123,200894
"24190",2012,"California",43,"Bob Flores","democrat",57771,200894
"24191",2012,"California",44,"Janice Hahn","democrat",99909,165898
"24192",2012,"California",44,"Laura Richardson","democrat",65989,165898
"24193",2012,"California",45,"John Campbell","republican",171417,293231
"24194",2012,"California",45,"Sukhee Kang","democrat",121814,293231
"24195",2012,"California",46,"Loretta Sanchez","democrat",95694,149815
"24196",2012,"California",46,"Jerry Hayden","republican",54121,149815
"24197",2012,"California",47,"Gary DeLong","republican",99919,230012
"24198",2012,"California",47,"Alan Lowenthal","democrat",130093,230012
"24199",2012,"California",48,"Ron Varasteh","democrat",113358,290502
"24200",2012,"California",48,"Dana Rohrabacher","republican",177144,290502
"24201",2012,"California",49,"Jerry Tetalman","democrat",114893,274618
"24202",2012,"California",49,"Darrell E. Issa","republican",159725,274618
"24203",2012,"California",50,"David B. Secor","democrat",83455,258293
"24204",2012,"California",50,"Duncan Hunter","republican",174838,258293
"24205",2012,"California",51,"Michael Crimmins","republican",45464,159398
"24206",2012,"California",51,"Juan Vargas","democrat",113934,159398
"24207",2012,"California",52,"Scott Peters","democrat",151451,295910
"24208",2012,"California",52,"Brian P. Bilbray","republican",144459,295910
"24209",2012,"California",53,"Nick Popaditch","republican",103482,268307
"24210",2012,"California",53,"Susan A. Davis","democrat",164825,268307
"24211",2012,"Colorado",1,"Gary Swing","green",4829,348210
"24212",2012,"Colorado",1,"Diana DeGette","democrat",237579,348210
"24213",2012,"Colorado",1,"Danny Stroud","republican",93217,348210
"24214",2012,"Colorado",1,"Frank Atwood","libertarian",12585,348210
"24215",2012,"Colorado",2,"Randy Luallin","libertarian",13770,421580
"24216",2012,"Colorado",2,"Jared Polis","democrat",234758,421580
"24217",2012,"Colorado",2,"Susan P. Hall","green",10413,421580
"24218",2012,"Colorado",2,"Kevin Lundberg","republican",162639,421580
"24219",2012,"Colorado",3,"Sal Pace","democrat",142619,347247
"24220",2012,"Colorado",3,"Tisha T. Casida","none",11125,347247
"24221",2012,"Colorado",3,"Scott R. Tipton","republican",185291,347247
"24222",2012,"Colorado",3,"Gregory Gilman","libertarian",8212,347247
"24223",2012,"Colorado",4,"Josh Gilliland","libertarian",10682,342336
"24224",2012,"Colorado",4,"Brandon Shaffer","democrat",125800,342336
"24225",2012,"Colorado",4,"Doug Aden","american constitution",5848,342336
"24226",2012,"Colorado",4,"Cory Gardner","republican",200006,342336
"24227",2012,"Colorado",5,"Misha Luzov","green",18284,307231
"24228",2012,"Colorado",5,"Jim Pirtle","libertarian",22778,307231
"24229",2012,"Colorado",5,"Dave Anderson","none",53318,307231
"24230",2012,"Colorado",5,"Doug Lamborn","republican",199639,307231
"24231",2012,"Colorado",5,"Kenneth R. Harvell","american constitution",13212,307231
"24232",2012,"Colorado",6,"Patrick E. Provost","libertarian",8597,342914
"24233",2012,"Colorado",6,"Kathy Polhemus","none",13442,342914
"24234",2012,"Colorado",6,"Mike Coffman","republican",163938,342914
"24235",2012,"Colorado",6,"Joe Miklosi","democrat",156937,342914
"24236",2012,"Colorado",7,"Ed Perlmutter","democrat",182460,340970
"24237",2012,"Colorado",7,"Buck Bailey","libertarian",9148,340970
"24238",2012,"Colorado",7,"Joe Coors","republican",139066,340970
"24239",2012,"Colorado",7,"Douglas ??Dayhorse?? Campbell","american constitution",10296,340970
"24240",2012,"Connecticut",1,"John B. Larson","working families",14133,297061
"24241",2012,"Connecticut",1,"Matthew M. Corey","nominated by petition",2290,297061
"24242",2012,"Connecticut",1,"John Henry Decker","republican",82321,297061
"24243",2012,"Connecticut",1,"S. Michael DeRosa","green",5477,297061
"24244",2012,"Connecticut",1,"John B. Larson","democrat",192840,297061
"24245",2012,"Connecticut",2,"Daniel J. Reale","libertarian",2511,298960
"24246",2012,"Connecticut",2,"Colin D. Bennett","green",3638,298960
"24247",2012,"Connecticut",2,"Paul M. Formica","republican",88103,298960
"24248",2012,"Connecticut",2,"Joe Courtney","democrat",189444,298960
"24249",2012,"Connecticut",2,"Joe Courtney","working families",15264,298960
"24250",2012,"Connecticut",4,"James A. Himes","working families",8609,293432
"24251",2012,"Connecticut",4,"James A. Himes","democrat",167320,293432
"24252",2012,"Connecticut",4,"Steve Obsitnik","republican",117503,293432
"24253",2012,"Connecticut",5,"Andrew Roraback","independent",9710,284757
"24254",2012,"Connecticut",5,NA,NA,12,284757
"24255",2012,"Connecticut",5,"Elizabeth Esty","working families",8467,284757
"24256",2012,"Connecticut",5,"Andrew Roraback","republican",128927,284757
"24257",2012,"Connecticut",5,NA,NA,10,284757
"24258",2012,"Connecticut",5,"Elizabeth Esty","democrat",137631,284757
"24259",2012,"Delaware",0,"John C. Carney","democrat",249933,388059
"24260",2012,"Delaware",0,"Scott Gesty","libertarian",4096,388059
"24261",2012,"Delaware",0,"Bernard August","green",4273,388059
"24262",2012,"Delaware",0,"Thomas H. Kovach","republican",129757,388059
"24263",2012,"Florida",1,"William Cleave Drummond II","",17,342594
"24264",2012,"Florida",1,"Jim Bryan","democrat",92961,342594
"24265",2012,"Florida",1,"Calen Fretts","libertarian",11176,342594
"24266",2012,"Florida",1,"Jeff Miller","republican",238440,342594
"24267",2012,"Florida",2,NA,NA,228,333718
"24268",2012,"Florida",2,"Al Lawson","democrat",157634,333718
"24269",2012,"Florida",2,"Steve Southerland II","republican",175856,333718
"24270",2012,"Florida",3,"Ted Yoho","republican",204331,315669
"24271",2012,"Florida",3,"J. R. Gaillot","democrat",102468,315669
"24272",2012,"Florida",3,"Philip Dodds","none",8870,315669
"24273",2012,"Florida",4,NA,NA,246,315470
"24274",2012,"Florida",4,"Ander Crenshaw","republican",239988,315470
"24275",2012,"Florida",4,"Jim Klauder","none",75236,315470
"24276",2012,"Florida",5,"LeAnne Kolb","republican",70700,269153
"24277",2012,"Florida",5,"Eileen Fleming","none",7978,269153
"24278",2012,"Florida",5,"Corrine Brown","democrat",190472,269153
"24279",2012,"Florida",5,NA,NA,3,269153
"24280",2012,"Florida",6,"Heather Beaven","democrat",146489,342451
"24281",2012,"Florida",6,"Ron Desantis","republican",195962,342451
"24282",2012,"Florida",7,"John L. Mica","republican",185518,316010
"24283",2012,"Florida",7,"Jason H. Kendall","democrat",130479,316010
"24284",2012,"Florida",7,NA,NA,13,316010
"24285",2012,"Florida",8,"Richard H. Gillmor","none",12607,348909
"24286",2012,"Florida",8,"Bill Posey","republican",205432,348909
"24287",2012,"Florida",8,"Shannon Roberts","democrat",130870,348909
"24288",2012,"Florida",9,"Alan Grayson","democrat",164891,263747
"24289",2012,"Florida",9,"Todd Long","republican",98856,263747
"24290",2012,"Florida",10,"Daniel Webster","republican",164649,318269
"24291",2012,"Florida",10,NA,NA,46,318269
"24292",2012,"Florida",10,"Val B. Demings","democrat",153574,318269
"24293",2012,"Florida",11,"H. David Werder","democrat",120303,338663
"24294",2012,"Florida",11,"Richard B. Nugent","republican",218360,338663
"24295",2012,"Florida",12,"Gus M. Bilirakis","republican",209604,330167
"24296",2012,"Florida",12,"Jonathan Michael Snow","democrat",108770,330167
"24297",2012,"Florida",12,"John Russell","none",6878,330167
"24298",2012,"Florida",12,"Paul Sidney Elliott","none",4915,330167
"24299",2012,"Florida",13,"C. W. Bill Young","republican",189605,329347
"24300",2012,"Florida",13,"Jessica Ehrlich","democrat",139742,329347
"24301",2012,"Florida",14,"Evelio ??E J?? Otero","republican",83480,280601
"24302",2012,"Florida",14,"Kathy Castor","democrat",197121,280601
"24303",2012,"Florida",15,"Dennis A. Ross","republican",1,1
"24304",2012,"Florida",16,"Keith Fitzgerald","democrat",161929,349076
"24305",2012,"Florida",16,"Vern Buchanan","republican",187147,349076
"24306",2012,"Florida",17,"William Bronson","democrat",116766,282266
"24307",2012,"Florida",17,NA,NA,12,282266
"24308",2012,"Florida",17,"Thomas J. Rooney","republican",165488,282266
"24309",2012,"Florida",18,"Allen B. West","republican",164353,330665
"24310",2012,"Florida",18,NA,NA,55,330665
"24311",2012,"Florida",18,"Patrick Murphy","democrat",166257,330665
"24312",2012,"Florida",19,"Brandon M. Smith","none",6637,306216
"24313",2012,"Florida",19,"Trey Radel","republican",189833,306216
"24314",2012,"Florida",19,"Jim Roach","democrat",109746,306216
"24315",2012,"Florida",20,NA,NA,5,244285
"24316",2012,"Florida",20,"Alcee L. Hastings","democrat",214727,244285
"24317",2012,"Florida",20,"Randall Terry","none",29553,244285
"24318",2012,"Florida",21,"Cesar Henao","none",25361,284400
"24319",2012,"Florida",21,"Theodore E. Deutch","democrat",221263,284400
"24320",2012,"Florida",21,"W. Michael ??Mike?? Trout","none",37776,284400
"24321",2012,"Florida",22,"Adam Hasner","republican",142050,313071
"24322",2012,"Florida",22,"Lois Frankel","democrat",171021,313071
"24323",2012,"Florida",23,"Ilya Katz","none",3129,275430
"24324",2012,"Florida",23,"Karen Harrington","republican",98096,275430
"24325",2012,"Florida",23,"Debbie Wasserman Schultz","democrat",174205,275430
"24326",2012,"Florida",24,"Frederica S. Wilson","democrat",1,1
"24327",2012,"Florida",25,"Mario Diaz-Balart","republican",151466,200229
"24328",2012,"Florida",25,"VoteForEddie.Com","none",17099,200229
"24329",2012,"Florida",25,"Stanley Blumenthal","none",31664,200229
"24330",2012,"Florida",26,"David Rivera","republican",108820,252957
"24331",2012,"Florida",26,"Jose Peixoto","none",2717,252957
"24332",2012,"Florida",26,"Joe Garcia","democrat",135694,252957
"24333",2012,"Florida",26,"Angel Fernandez","none",5726,252957
"24334",2012,"Florida",27,"Thomas Joe Cruz-Wiggins","none",6663,230171
"24335",2012,"Florida",27,"Ileana Ros-Lehtinen","republican",138488,230171
"24336",2012,"Florida",27,"Manny Yevancey","democrat",85020,230171
"24337",2012,"Georgia",1,"Lesli Rae Messinger","democrat",92399,249580
"24338",2012,"Georgia",1,"Jack Kingston","republican",157181,249580
"24339",2012,"Georgia",2,"John House","republican",92410,255161
"24340",2012,"Georgia",2,"Sanford D. Bishop, Jr.","democrat",162751,255161
"24341",2012,"Georgia",3,"Lynn A. Westmoreland","republican",232380,232380
"24342",2012,"Georgia",4,"J. Chris Vaughn","republican",75041,283902
"24343",2012,"Georgia",4,"Henry C. ??Hank?? Johnson, Jr.","democrat",208861,283902
"24344",2012,"Georgia",5,"Howard Stopeck","republican",43335,277665
"24345",2012,"Georgia",5,"John Lewis","democrat",234330,277665
"24346",2012,"Georgia",6,"Jeff Kazanow","democrat",104365,294034
"24347",2012,"Georgia",6,"Tom Price","republican",189669,294034
"24348",2012,"Georgia",7,"Rob Woodall","republican",156689,252066
"24349",2012,"Georgia",7,"Steve Reilly","democrat",95377,252066
"24350",2012,"Georgia",8,"Austin Scott","republican",197789,197789
"24351",2012,"Georgia",9,"Doug Collins","republican",192101,252153
"24352",2012,"Georgia",9,"Jody Cooley","democrat",60052,252153
"24353",2012,"Georgia",10,"Paul C. Broun","republican",211065,211065
"24354",2012,"Georgia",11,"Phil Gingrey","republican",196968,287321
"24355",2012,"Georgia",11,"Patrick Thompson","democrat",90353,287321
"24356",2012,"Georgia",12,"Lee Anderson","republican",119973,259121
"24357",2012,"Georgia",12,"John Barrow","democrat",139148,259121
"24358",2012,"Georgia",13,"David Scott","democrat",201988,281538
"24359",2012,"Georgia",13,"S. Malik","republican",79550,281538
"24360",2012,"Georgia",14,"Daniel ??Danny?? Grant","democrat",59245,219192
"24361",2012,"Georgia",14,"Tom Graves","republican",159947,219192
"24362",2012,"Hawaii",1,"Blank Vote","",4467,217876
"24363",2012,"Hawaii",1,"Charles K. Djou","republican",96824,217876
"24364",2012,"Hawaii",1,"Colleen W. Hanabusa","democrat",116505,217876
"24365",2012,"Hawaii",1,"Over Vote","",80,217876
"24366",2012,"Hawaii",2,"Tulsi Gabbard","democrat",168503,219283
"24367",2012,"Hawaii",2,"Blank Vote","",9952,219283
"24368",2012,"Hawaii",2,"Kawika Crowley","republican",40707,219283
"24369",2012,"Hawaii",2,"Over Vote","",121,219283
"24370",2012,"Idaho",1,"Pro-Life","independent",7607,316724
"24371",2012,"Idaho",1,"Jimmy Farris","democrat",97450,316724
"24372",2012,"Idaho",1,"Ra_l R. Labrador","republican",199402,316724
"24373",2012,"Idaho",1,"Rob Oates","libertarian",12265,316724
"24374",2012,"Idaho",2,"Michael K. Simpson","republican",207412,318494
"24375",2012,"Idaho",2,"Nicole LeFavour","democrat",110847,318494
"24376",2012,"Idaho",2,NA,NA,235,318494
"24377",2012,"Illinois",1,NA,NA,1,320844
"24378",2012,"Illinois",1,"Donald E. Peloquin","republican",83989,320844
"24379",2012,"Illinois",1,"Bobby L. Rush","democrat",236854,320844
"24380",2012,"Illinois",2,NA,NA,288,297712
"24381",2012,"Illinois",2,"Marcus Lewis","independent",40006,297712
"24382",2012,"Illinois",2,"Brian Woodworth","republican",69115,297712
"24383",2012,"Illinois",2,"Jesse L. Jackson, Jr.","democrat",188303,297712
"24384",2012,"Illinois",3,NA,NA,7,246398
"24385",2012,"Illinois",3,"Daniel Lipinski","democrat",168738,246398
"24386",2012,"Illinois",3,"Richard L. Grabowski","republican",77653,246398
"24387",2012,"Illinois",4,"Hector Concepcion","republican",27279,160509
"24388",2012,"Illinois",4,NA,NA,4,160509
"24389",2012,"Illinois",4,"Luis V. Gutierrez","democrat",133226,160509
"24390",2012,"Illinois",5,"Mike Quigley","democrat",177729,270377
"24391",2012,"Illinois",5,"Nancy Wade","green",15359,270377
"24392",2012,"Illinois",5,"Dan Schmitt","republican",77289,270377
"24393",2012,"Illinois",6,"Leslie Coolidge","democrat",132991,326129
"24394",2012,"Illinois",6,"Peter J. Roskam","republican",193138,326129
"24395",2012,"Illinois",7,"Danny K. Davis","democrat",242439,286435
"24396",2012,"Illinois",7,NA,NA,5,286435
"24397",2012,"Illinois",7,NA,NA,2,286435
"24398",2012,"Illinois",7,"Rita Zak","republican",31466,286435
"24399",2012,"Illinois",7,"John H. Monaghan","independent",12523,286435
"24400",2012,"Illinois",8,"Tammy Duckworth","democrat",123206,225066
"24401",2012,"Illinois",8,"Joe Walsh","republican",101860,225066
"24402",2012,"Illinois",9,"Timothy C. Wolfe","republican",98924,293807
"24403",2012,"Illinois",9,NA,NA,6,293807
"24404",2012,"Illinois",9,"Janice D. Schakowsky","democrat",194869,293807
"24405",2012,"Illinois",9,NA,NA,8,293807
"24406",2012,"Illinois",10,"Brad Schneider","democrat",133890,264454
"24407",2012,"Illinois",10,"Robert J. Dold","republican",130564,264454
"24408",2012,"Illinois",11,"Judy Biggert","republican",105348,254295
"24409",2012,"Illinois",11,"Bill Foster","democrat",148928,254295
"24410",2012,"Illinois",11,NA,NA,19,254295
"24411",2012,"Illinois",12,"Paula Bradshaw","green",17045,303949
"24412",2012,"Illinois",12,NA,NA,2,303949
"24413",2012,"Illinois",12,"Jason Plummer","republican",129902,303949
"24414",2012,"Illinois",12,"William L. Enyart","democrat",157000,303949
"24415",2012,"Illinois",13,"David M. Gill","democrat",136032,294385
"24416",2012,"Illinois",13,"John Hartman","independent",21319,294385
"24417",2012,"Illinois",13,"Rodney Davis","republican",137034,294385
"24418",2012,"Illinois",14,"Dennis Anderson","democrat",124351,301954
"24419",2012,"Illinois",14,"Randy Hultgren","republican",177603,301954
"24420",2012,"Illinois",15,"Angela Michael","democrat",94162,299937
"24421",2012,"Illinois",15,"John Shimkus","republican",205775,299937
"24422",2012,"Illinois",16,"Adam Kinzinger","republican",181789,294090
"24423",2012,"Illinois",16,"Wanda Rohl","democrat",112301,294090
"24424",2012,"Illinois",17,NA,NA,10,288161
"24425",2012,"Illinois",17,NA,NA,9,288161
"24426",2012,"Illinois",17,"Cheri Bustos","democrat",153519,288161
"24427",2012,"Illinois",17,"Robert T. Schilling","republican",134623,288161
"24428",2012,"Illinois",18,"Aaron Schock","republican",244467,329631
"24429",2012,"Illinois",18,"Steve Waterworth","democrat",85164,329631
"24430",2012,"Indiana",1,"Peter J. Visclosky","democrat",187743,279034
"24431",2012,"Indiana",1,"Joel Phelps","republican",91291,279034
"24432",2012,"Indiana",2,NA,NA,3,273475
"24433",2012,"Indiana",2,"Jackie Walorski","republican",134033,273475
"24434",2012,"Indiana",2,"Brendan Mullen","democrat",130113,273475
"24435",2012,"Indiana",2,"Joseph Wayne Ruiz","libertarian",9326,273475
"24436",2012,"Indiana",3,"Kevin R. Boyd","democrat",92363,280235
"24437",2012,"Indiana",3,"Marlin A. Stutzman","republican",187872,280235
"24438",2012,"Indiana",4,"Todd Rokita","republican",168688,272268
"24439",2012,"Indiana",4,"Tara E. Nelson","democrat",93015,272268
"24440",2012,"Indiana",4,"Benjamin J. Gehlhausen","libertarian",10565,272268
"24441",2012,"Indiana",5,"Scott Reske","democrat",125347,333359
"24442",2012,"Indiana",5,"Susan Brooks","republican",194570,333359
"24443",2012,"Indiana",5,"Chard Reid","libertarian",13442,333359
"24444",2012,"Indiana",6,"Rex Bell","libertarian",15962,275253
"24445",2012,"Indiana",6,"Luke Messer","republican",162613,275253
"24446",2012,"Indiana",6,"Bradley T. Bookout","democrat",96678,275253
"24447",2012,"Indiana",7,"Carlos A. May","republican",95828,257950
"24448",2012,"Indiana",7,"Andr_ Carson","democrat",162122,257950
"24449",2012,"Indiana",8,"Bart Gadau","libertarian",10134,283992
"24450",2012,"Indiana",8,"Dave Crooks","democrat",122325,283992
"24451",2012,"Indiana",8,"Larry Bucshon","republican",151533,283992
"24452",2012,"Indiana",9,"Shelli Yoder","democrat",132848,298180
"24453",2012,"Indiana",9,"Todd C. Young","republican",165332,298180
"24454",2012,"Iowa",1,"Ben Lange","republican",162465,390849
"24455",2012,"Iowa",1,"Gregory Hughes","nominated by petition",4772,390849
"24456",2012,"Iowa",1,"George Todd Krail II","nominated by petition",931,390849
"24457",2012,"Iowa",1,NA,NA,259,390849
"24458",2012,"Iowa",1,"Bruce L. Braley","democrat",222422,390849
"24459",2012,"Iowa",2,NA,NA,323,381275
"24460",2012,"Iowa",2,"Alan Aversa","nominated by petition",7112,381275
"24461",2012,"Iowa",2,"John Archer","republican",161977,381275
"24462",2012,"Iowa",2,"David Loebsack","democrat",211863,381275
"24463",2012,"Iowa",3,NA,NA,572,386842
"24464",2012,"Iowa",3,"Leonard L. Boswell","democrat",168632,386842
"24465",2012,"Iowa",3,"Tom Latham","republican",202000,386842
"24466",2012,"Iowa",3,"David Rosenfeld","socialist workers",6286,386842
"24467",2012,"Iowa",3,"Scott G. Batcher","nominated by petition",9352,386842
"24468",2012,"Iowa",4,"Steve King","republican",200063,377883
"24469",2012,"Iowa",4,"Martin James Monroe","nominated by petition",8124,377883
"24470",2012,"Iowa",4,"Christie Vilsack","democrat",169470,377883
"24471",2012,"Iowa",4,NA,NA,226,377883
"24472",2012,"Kansas",1,"Tim Huelskamp","republican",211337,211337
"24473",2012,"Kansas",2,"Tobias Schlingensiepen","democrat",113735,293718
"24474",2012,"Kansas",2,"Dennis Hawver","libertarian",12520,293718
"24475",2012,"Kansas",2,"Lynn Jenkins","republican",167463,293718
"24476",2012,"Kansas",3,"Joel Balam","libertarian",92675,293762
"24477",2012,"Kansas",3,"Kevin Yoder","republican",201087,293762
"24478",2012,"Kansas",4,"Mike Pompeo","republican",161094,258922
"24479",2012,"Kansas",4,"Robert Leon Tillman","democrat",81770,258922
"24480",2012,"Kansas",4,"Thomas Jefferson","libertarian",16058,258922
"24481",2012,"Kentucky",1,"Charles Kendall Hatchett","democrat",87199,287155
"24482",2012,"Kentucky",1,"Ed Whitfield","republican",199956,287155
"24483",2012,"Kentucky",2,"Brett Guthrie","republican",181508,282267
"24484",2012,"Kentucky",2,"Andrew R. Beacham","independent",6304,282267
"24485",2012,"Kentucky",2,"David Lynn Williams","democrat",89541,282267
"24486",2012,"Kentucky",2,"Craig R. Astor","libertarian",4914,282267
"24487",2012,"Kentucky",3,"Robert L. DeVore, Jr.","independent",4819,322656
"24488",2012,"Kentucky",3,"John A. Yarmuth","democrat",206385,322656
"24489",2012,"Kentucky",3,"Brooks Wicker","republican",111452,322656
"24490",2012,"Kentucky",4,"William R. ??Bill?? Adkins","democrat",104734,299444
"24491",2012,"Kentucky",4,"David Lewis","independent",8674,299444
"24492",2012,"Kentucky",4,"Thomas Massie","republican",186036,299444
"24493",2012,"Kentucky",5,"Harold Rogers","republican",195408,250855
"24494",2012,"Kentucky",5,"Kenneth S. Stepp","democrat",55447,250855
"24495",2012,"Kentucky",6,NA,NA,8340,303000
"24496",2012,"Kentucky",6,"Ben Chandler","democrat",141438,303000
"24497",2012,"Kentucky",6,"Garland ??Andy?? Barr","republican",153222,303000
"24498",2012,"Louisiana",1,"M. V. """"Vinny"""" Mendoza","democrat",61703,290410
"24499",2012,"Louisiana",1,"Gary King","republican",24844,290410
"24500",2012,"Louisiana",1,"David ??Turk?? Turknett","no party affiliation",6079,290410
"24501",2012,"Louisiana",1,"Arden Wells","no party affiliation",4288,290410
"24502",2012,"Louisiana",1,"Steve Scalise","republican",193496,290410
"24503",2012,"Louisiana",2,"Cedric L. Richmond","democrat",158501,287354
"24504",2012,"Louisiana",2,"Gary Landrieu","democrat",71916,287354
"24505",2012,"Louisiana",2,"Josue Larose","republican",11345,287354
"24506",2012,"Louisiana",2,"Caleb Trotter","libertarian",6791,287354
"24507",2012,"Louisiana",2,"Dwayne Bailey","republican",38801,287354
"24508",2012,"Louisiana",3,"Charles W. Boustany, Jr.","republican",139123,311393
"24509",2012,"Louisiana",3,"Jeffrey M. Landry","republican",93527,311393
"24510",2012,"Louisiana",3,"""""Jim?"""" Stark","libertarian",3765,311393
"24511",2012,"Louisiana",3,"Bryan Barrilleaux","republican",7908,311393
"24512",2012,"Louisiana",3,"""""Ron"""" Richard","democrat",67070,311393
"24513",2012,"Louisiana",4,"John Fleming","republican",187894,249531
"24514",2012,"Louisiana",4,"Randall Lord","libertarian",61637,249531
"24515",2012,"Louisiana",5,"Clay Steven Grant","libertarian",20194,260216
"24516",2012,"Louisiana",5,"""""Ron"""" Ceasar","no party affiliation",37486,260216
"24517",2012,"Louisiana",5,"Rodney Alexander","republican",202536,260216
"24518",2012,"Louisiana",6,"Rufus Holt Craig, Jr.","libertarian",32185,306713
"24519",2012,"Louisiana",6,"Richard """"RPT?"""" Torregano","no party affiliation",30975,306713
"24520",2012,"Louisiana",6,"Bill Cassidy","republican",243553,306713
"24521",2012,"Maine",1,"Blank Vote","",15912,380715
"24522",2012,"Maine",1,"Jonathan T. E. Courtney","republican",128440,380715
"24523",2012,"Maine",1,"Chellie Pingree","democrat",236363,380715
"24524",2012,"Maine",2,"Kevin L. Raye","republican",137542,343908
"24525",2012,"Maine",2,"Michael H. Michaud","democrat",191456,343908
"24526",2012,"Maine",2,"Blank Vote","",14910,343908
"24527",2012,"Maryland",1,"Muir Wayne Boda","libertarian",12857,337760
"24528",2012,"Maryland",1,"Andy Harris","republican",214204,337760
"24529",2012,"Maryland",1,NA,NA,26,337760
"24530",2012,"Maryland",1,"John LaFerla","democrat",14858,337760
"24531",2012,"Maryland",1,"Wendy Rosen","democrat",92812,337760
"24532",2012,"Maryland",1,NA,NA,71,337760
"24533",2012,"Maryland",1,NA,NA,2932,337760
"24534",2012,"Maryland",2,"C. A. Dutch Ruppersberger","democrat",194088,295940
"24535",2012,"Maryland",2,"Leo Wayne Dymowski","libertarian",9344,295940
"24536",2012,"Maryland",2,NA,NA,22,295940
"24537",2012,"Maryland",2,"Nancy C. Jacobs","republican",92071,295940
"24538",2012,"Maryland",2,NA,NA,415,295940
"24539",2012,"Maryland",3,"Eric Delano Knowles","republican",94549,319859
"24540",2012,"Maryland",3,"John P. Sarbanes","democrat",213747,319859
"24541",2012,"Maryland",3,"Paul W. Drgos, Jr.","libertarian",11028,319859
"24542",2012,"Maryland",3,NA,NA,535,319859
"24543",2012,"Maryland",4,"Scott Soffen","libertarian",6204,311512
"24544",2012,"Maryland",4,"Donna F. Edwards","democrat",240385,311512
"24545",2012,"Maryland",4,NA,NA,363,311512
"24546",2012,"Maryland",4,"Faith M. Loudon","republican",64560,311512
"24547",2012,"Maryland",5,"Bob Auerbach","green",5040,343820
"24548",2012,"Maryland",5,"Tony O?Donnell","republican",95271,343820
"24549",2012,"Maryland",5,"Steny H. Hoyer","democrat",238618,343820
"24550",2012,"Maryland",5,NA,NA,388,343820
"24551",2012,"Maryland",5,"Arvin Vohra","libertarian",4503,343820
"24552",2012,"Maryland",6,"John Delaney","democrat",181921,309549
"24553",2012,"Maryland",6,NA,NA,399,309549
"24554",2012,"Maryland",6,"Nickolaus Mueller","libertarian",9916,309549
"24555",2012,"Maryland",6,"Roscoe G. Bartlett","republican",117313,309549
"24556",2012,"Maryland",7,"Frank C. Mirabile","republican",67405,323818
"24557",2012,"Maryland",7,"Ronald M. Owens-Bey","libertarian",8211,323818
"24558",2012,"Maryland",7,"Elijah E. Cummings","democrat",247770,323818
"24559",2012,"Maryland",7,NA,NA,394,323818
"24560",2012,"Maryland",7,NA,NA,28,323818
"24561",2012,"Maryland",7,NA,NA,10,323818
"24562",2012,"Maryland",8,"George Gluck","green",5064,343256
"24563",2012,"Maryland",8,"Ken Timmerman","republican",113033,343256
"24564",2012,"Maryland",8,"Chris Van Hollen","democrat",217531,343256
"24565",2012,"Maryland",8,NA,NA,393,343256
"24566",2012,"Maryland",8,"Mark Grannis","libertarian",7235,343256
"24567",2012,"Massachusetts",1,"Richard E. Neal","democrat",261936,336555
"24568",2012,"Massachusetts",1,"Other","",4197,336555
"24569",2012,"Massachusetts",1,"Blank Vote/Scattering","",70422,336555
"24570",2012,"Massachusetts",2,"Blank Vote/Scattering","",79401,342736
"24571",2012,"Massachusetts",2,"Other","",4078,342736
"24572",2012,"Massachusetts",2,"James P. McGovern","democrat",259257,342736
"24573",2012,"Massachusetts",3,"Niki Tsongas","democrat",212119,335111
"24574",2012,"Massachusetts",3,"Blank Vote/Scattering","",13358,335111
"24575",2012,"Massachusetts",3,"Other","",262,335111
"24576",2012,"Massachusetts",3,"Jonathan A. Golnik","republican",109372,335111
"24577",2012,"Massachusetts",4,"David A. Rosa","independent",10741,373114
"24578",2012,"Massachusetts",4,"Sean Bielat","republican",129936,373114
"24579",2012,"Massachusetts",4,"Joseph P. Kennedy III","democrat",221303,373114
"24580",2012,"Massachusetts",4,"Blank Vote/Scattering","",10869,373114
"24581",2012,"Massachusetts",4,"Other","",265,373114
"24582",2012,"Massachusetts",5,"Blank Vote/Scattering","",23092,364201
"24583",2012,"Massachusetts",5,"Tom Tierney","republican",82944,364201
"24584",2012,"Massachusetts",5,"Edward J. Markey","democrat",257490,364201
"24585",2012,"Massachusetts",5,"Other","",675,364201
"24586",2012,"Massachusetts",6,"Blank Vote/Scattering","",15045,389852
"24587",2012,"Massachusetts",6,"John F. Tierney","democrat",180942,389852
"24588",2012,"Massachusetts",6,"Daniel Fishman","libertarian",16739,389852
"24589",2012,"Massachusetts",6,"Richard R. Tisei","republican",176612,389852
"24590",2012,"Massachusetts",6,"Other","",514,389852
"24591",2012,"Massachusetts",7,"Blank Vote/Scattering","",32298,285134
"24592",2012,"Massachusetts",7,"Other","",843,285134
"24593",2012,"Massachusetts",7,"Michael E. Capuano","democrat",210794,285134
"24594",2012,"Massachusetts",7,"Karla Romero","independent",41199,285134
"24595",2012,"Massachusetts",8,"Stephen F. Lynch","democrat",263999,371694
"24596",2012,"Massachusetts",8,"Joe Selvaggi","republican",82242,371694
"24597",2012,"Massachusetts",8,"Other","",570,371694
"24598",2012,"Massachusetts",8,"Blank Vote/Scattering","",24883,371694
"24599",2012,"Massachusetts",9,"Daniel S. Botelho","independent",32655,385799
"24600",2012,"Massachusetts",9,"Christopher Sheldon","republican",116531,385799
"24601",2012,"Massachusetts",9,"Other","",465,385799
"24602",2012,"Massachusetts",9,"Blank Vote/Scattering","",23394,385799
"24603",2012,"Massachusetts",9,"William R. Keating","democrat",212754,385799
"24604",2012,"Michigan",1,"Ellis Boal","green",4168,347037
"24605",2012,"Michigan",1,"Emily Salvette","libertarian",10630,347037
"24606",2012,"Michigan",1,"Gary McDowell","democrat",165179,347037
"24607",2012,"Michigan",1,"Dan Benishek","republican",167060,347037
"24608",2012,"Michigan",2,"Ronald E. Graeser","u.s. taxpayers",3176,318267
"24609",2012,"Michigan",2,"William J. Opalicky","green",2715,318267
"24610",2012,"Michigan",2,"Bill Huizenga","republican",194653,318267
"24611",2012,"Michigan",2,"Willie German, Jr.","democrat",108973,318267
"24612",2012,"Michigan",2,"Mary Buzuma","libertarian",8750,318267
"24613",2012,"Michigan",3,"Steve Pestka","democrat",144108,326283
"24614",2012,"Michigan",3,"Justin Amash","republican",171675,326283
"24615",2012,"Michigan",3,NA,NA,2,326283
"24616",2012,"Michigan",3,"Bill Gelineau","libertarian",10498,326283
"24617",2012,"Michigan",4,"Dave Camp","republican",197386,312949
"24618",2012,"Michigan",4,"George M. Zimmer","u.s. taxpayers",3506,312949
"24619",2012,"Michigan",4,"Debra Freidell Wirth","democrat",104996,312949
"24620",2012,"Michigan",4,"John Gelineau","libertarian",4285,312949
"24621",2012,"Michigan",4,"Pat Timmons","green",2776,312949
"24622",2012,"Michigan",5,"David Davenport","none",6694,330146
"24623",2012,"Michigan",5,"Daniel T. Kildee","democrat",214531,330146
"24624",2012,"Michigan",5,"Gregory Creswell","libertarian",4990,330146
"24625",2012,"Michigan",5,"Jim Slezak","republican",103931,330146
"24626",2012,"Michigan",6,"Fred Upton","republican",174955,320475
"24627",2012,"Michigan",6,"Mike O?Brien","democrat",136563,320475
"24628",2012,"Michigan",6,"Jason Gatties","u.s. taxpayers",2591,320475
"24629",2012,"Michigan",6,"Christie Gelineau","libertarian",6366,320475
"24630",2012,"Michigan",7,"Ken Proctor","libertarian",8088,318069
"24631",2012,"Michigan",7,"Tim Walberg","republican",169668,318069
"24632",2012,"Michigan",7,"Kurt Richard Haskell","democrat",136849,318069
"24633",2012,"Michigan",7,"Richard E. Wunsch","green",3464,318069
"24634",2012,"Michigan",8,"Mike Rogers","republican",202217,345054
"24635",2012,"Michigan",8,"Preston Brooks","none",6097,345054
"24636",2012,"Michigan",8,"Lance Enderle","democrat",128657,345054
"24637",2012,"Michigan",8,"Daniel Goebel","libertarian",8083,345054
"24638",2012,"Michigan",9,"Julia Williams","green",4708,337316
"24639",2012,"Michigan",9,"Jim Fulner","libertarian",6100,337316
"24640",2012,"Michigan",9,"Les Townsend","u.s. taxpayers",2902,337316
"24641",2012,"Michigan",9,"Don Volaric","republican",114760,337316
"24642",2012,"Michigan",9,"Sander M. Levin","democrat",208846,337316
"24643",2012,"Michigan",10,"Bhagwan Dashairya","libertarian",4803,328612
"24644",2012,"Michigan",10,"Candice S. Miller","republican",226075,328612
"24645",2012,"Michigan",10,"Chuck Stadler","democrat",97734,328612
"24646",2012,"Michigan",11,NA,NA,14,358139
"24647",2012,"Michigan",11,NA,NA,1,358139
"24648",2012,"Michigan",11,"Steven Paul Duke","green",4569,358139
"24649",2012,"Michigan",11,"Syed Taj","democrat",158879,358139
"24650",2012,"Michigan",11,"Daniel Johnson","natural law",3251,358139
"24651",2012,"Michigan",11,"John J. Tatar","libertarian",9637,358139
"24652",2012,"Michigan",11,"Kerry Bentivolio","republican",181788,358139
"24653",2012,"Michigan",12,"John D. Dingell","democrat",216884,319223
"24654",2012,"Michigan",12,"Richard J. Secula","libertarian",9867,319223
"24655",2012,"Michigan",12,"Cynthia Kallgren","republican",92472,319223
"24656",2012,"Michigan",13,"Martin Gray","u.s. taxpayers",4089,284270
"24657",2012,"Michigan",13,"Harry T. Sawicki","republican",38769,284270
"24658",2012,"Michigan",13,"John Conyers, Jr.","democrat",235336,284270
"24659",2012,"Michigan",13,"Chris Sharer","libertarian",6076,284270
"24660",2012,"Michigan",14,"John Hauler","republican",51395,328792
"24661",2012,"Michigan",14,"Leonard Schwartz","libertarian",3968,328792
"24662",2012,"Michigan",14,"Gary C. Peters","democrat",270450,328792
"24663",2012,"Michigan",14,"Douglas Campbell","green",2979,328792
"24664",2012,"Minnesota",1,"Timothy J. Walz","democrat",193211,335880
"24665",2012,"Minnesota",1,NA,NA,505,335880
"24666",2012,"Minnesota",1,"Allen Quist","republican",142164,335880
"24667",2012,"Minnesota",2,"Mike Obermueller","democratic-farmer-labor",164338,358446
"24668",2012,"Minnesota",2,NA,NA,521,358446
"24669",2012,"Minnesota",2,"John Kline","republican",193587,358446
"24670",2012,"Minnesota",3,"Erik Paulsen","republican",222335,382705
"24671",2012,"Minnesota",3,"Brian Barnes","democratic-farmer-labor",159937,382705
"24672",2012,"Minnesota",3,NA,NA,433,382705
"24673",2012,"Minnesota",4,NA,NA,512,347991
"24674",2012,"Minnesota",4,"Steve Carlson","independence",21135,347991
"24675",2012,"Minnesota",4,"Tony Hernandez","republican",109659,347991
"24676",2012,"Minnesota",4,"Betty McCollum","democrat",216685,347991
"24677",2012,"Minnesota",5,NA,NA,1114,351969
"24678",2012,"Minnesota",5,"Chris Fields","republican",88753,351969
"24679",2012,"Minnesota",5,"Keith Ellison","democrat",262102,351969
"24680",2012,"Minnesota",6,"Michele Bachmann","republican",179240,355153
"24681",2012,"Minnesota",6,"Jim Graves","democratic-farmer-labor",174944,355153
"24682",2012,"Minnesota",6,NA,NA,969,355153
"24683",2012,"Minnesota",7,NA,NA,336,327576
"24684",2012,"Minnesota",7,"Adam Steele","independence",15298,327576
"24685",2012,"Minnesota",7,"Lee Byberg","republican",114151,327576
"24686",2012,"Minnesota",7,"Collin C. Peterson","democrat",197791,327576
"24687",2012,"Minnesota",8,"Chip Cravaack","republican",160520,353663
"24688",2012,"Minnesota",8,NA,NA,1167,353663
"24689",2012,"Minnesota",8,"Richard Nolan","democratic-farmer-labor",191976,353663
"24690",2012,"Mississippi",1,"Danny Bedwell","libertarian",3584,309177
"24691",2012,"Mississippi",1,"Alan Nunnelee","republican",186760,309177
"24692",2012,"Mississippi",1,"Jim R. Bourland","constitution",2390,309177
"24693",2012,"Mississippi",1,"Brad Morris","democrat",114076,309177
"24694",2012,"Mississippi",1,"Chris Potts","reform",2367,309177
"24695",2012,"Mississippi",2,"Bennie G. Thompson","democrat",214978,320244
"24696",2012,"Mississippi",2,"Bill Marcy","republican",99160,320244
"24697",2012,"Mississippi",2,"Cobby Mondale Williams","independent",4605,320244
"24698",2012,"Mississippi",2,"Lajena Williams","reform",1501,320244
"24699",2012,"Mississippi",3,"Gregg Harper","republican",234717,293322
"24700",2012,"Mississippi",3,"John """"Luke"""" Pannell","reform",58605,293322
"24701",2012,"Mississippi",4,"Ron Williams","libertarian",17982,285432
"24702",2012,"Mississippi",4,"Matt Moore","democrat",82344,285432
"24703",2012,"Mississippi",4,"Robert W. Claunch","reform",2108,285432
"24704",2012,"Mississippi",4,"Steven M. Palazzo","republican",182998,285432
"24705",2012,"Missouri",1,"Robb E. Cunningham","libertarian",11824,340583
"24706",2012,"Missouri",1,"Robyn Hamlin","republican",60832,340583
"24707",2012,"Missouri",1,"Wm. Lacy Clay","democrat",267927,340583
"24708",2012,"Missouri",2,"Glenn Koenen","democrat",146272,394448
"24709",2012,"Missouri",2,"Ann Wagner","republican",236971,394448
"24710",2012,"Missouri",2,"Anatol Zorikova","constitution",2012,394448
"24711",2012,"Missouri",2,"Bill Slantz","libertarian",9193,394448
"24712",2012,"Missouri",3,"Steven Wilson","libertarian",12353,338385
"24713",2012,"Missouri",3,"Blaine Luetkemeyer","republican",214843,338385
"24714",2012,"Missouri",3,"Eric C. Mayer","democrat",111189,338385
"24715",2012,"Missouri",4,"Greg Cowan","constitution",2959,318723
"24716",2012,"Missouri",4,"Vicky Hartzler","republican",192237,318723
"24717",2012,"Missouri",4,"Teresa Hensley","democrat",113120,318723
"24718",2012,"Missouri",4,"Thomas Holbrook","libertarian",10407,318723
"24719",2012,"Missouri",5,"Randall ??Randy?? Langkraehr","libertarian",8497,330942
"24720",2012,"Missouri",5,NA,NA,6,330942
"24721",2012,"Missouri",5,"Emanuel Cleaver","democrat",200290,330942
"24722",2012,"Missouri",5,"Jacob Turk","republican",122149,330942
"24723",2012,"Missouri",6,"Kyle Yarber","democrat",108503,333688
"24724",2012,"Missouri",6,"Russ Lee Monchil","libertarian",8279,333688
"24725",2012,"Missouri",6,"Sam Graves","republican",216906,333688
"24726",2012,"Missouri",7,"Jim Evans","democrat",98498,318740
"24727",2012,"Missouri",7,NA,NA,9,318740
"24728",2012,"Missouri",7,"Billy Long","republican",203565,318740
"24729",2012,"Missouri",7,"Kevin Craig","libertarian",16668,318740
"24730",2012,"Missouri",8,"Jack Rushin","democrat",73755,300391
"24731",2012,"Missouri",8,"Rick Vandeven","libertarian",10553,300391
"24732",2012,"Missouri",8,"Jo Ann Emerson","republican",216083,300391
"24733",2012,"Montana",0,"Steve Daines","republican",255468,479740
"24734",2012,"Montana",0,"Kim Gillan","democrat",204939,479740
"24735",2012,"Montana",0,"David Kaiser","libertarian",19333,479740
"24736",2012,"Nebraska",1,"Korey L. Reiman","democrat",81206,256095
"24737",2012,"Nebraska",1,"Jeff Fortenberry","republican",174889,256095
"24738",2012,"Nebraska",2,"Lee Terry","republican",133964,263731
"24739",2012,"Nebraska",2,"John W. Ewing, Jr.","democrat",129767,263731
"24740",2012,"Nebraska",3,"Mark Sullivan","democrat",65266,252689
"24741",2012,"Nebraska",3,"Adrian Smith","republican",187423,252689
"24742",2012,"Nevada",1,"Chris Edwards","republican",56521,179278
"24743",2012,"Nevada",1,"Stan Vaughan","independent american",4145,179278
"24744",2012,"Nevada",1,"William """"Bill"""" Pojunis","libertarian",4645,179278
"24745",2012,"Nevada",1,"Dina Titus","democrat",113967,179278
"24746",2012,"Nevada",2,"Russell Best","independent american",6051,281449
"24747",2012,"Nevada",2,"Michael L. Haines","independent",11166,281449
"24748",2012,"Nevada",2,"Mark E. Amodei","republican",162213,281449
"24749",2012,"Nevada",2,"Samuel Koepnick","democrat",102019,281449
"24750",2012,"Nevada",3,"John Oceguera","democrat",116823,272523
"24751",2012,"Nevada",3,"Tom Jones","independent american",5600,272523
"24752",2012,"Nevada",3,"Joseph J. Heck","republican",137244,272523
"24753",2012,"Nevada",3,"Jim Murphy","independent",12856,272523
"24754",2012,"Nevada",4,"Steven A. Horsford","democrat",120501,240492
"24755",2012,"Nevada",4,"Floyd Fitzgibbons","independent american",9389,240492
"24756",2012,"Nevada",4,"Joseph P. Silvestri","libertarian",9341,240492
"24757",2012,"Nevada",4,"Danny Tarkanian","republican",101261,240492
"24758",2012,"New Hampshire",1,"Carol Shea-Porter","democrat",171650,345022
"24759",2012,"New Hampshire",1,"Frank C. Guinta","republican",158659,345022
"24760",2012,"New Hampshire",1,"scatter","",192,345022
"24761",2012,"New Hampshire",1,"Brendan Kelly","libertarian",14521,345022
"24762",2012,"New Hampshire",2,"scatter","",206,337394
"24763",2012,"New Hampshire",2,"Ann McLane Kuster","democrat",169275,337394
"24764",2012,"New Hampshire",2,"Charles F. Bass","republican",152977,337394
"24765",2012,"New Hampshire",2,"Hardy Macia","libertarian",14936,337394
"24766",2012,"New Jersey",1,"Gregory W. Horton","republican",92459,308519
"24767",2012,"New Jersey",1,"Robert E. Andrews","democrat",210470,308519
"24768",2012,"New Jersey",1,"Margaret Chapman","reform",1177,308519
"24769",2012,"New Jersey",1,"John William Reitter","green",4413,308519
"24770",2012,"New Jersey",2,"David W. Bowen, Sr.","the people's agenda",1010,289069
"24771",2012,"New Jersey",2,"Cassandra Shober","democrat",116462,289069
"24772",2012,"New Jersey",2,"John Ordille","libertarian",2699,289069
"24773",2012,"New Jersey",2,"Frank A. LoBiondo","republican",166677,289069
"24774",2012,"New Jersey",2,"Charles Lukens","constitutional conservative",1329,289069
"24775",2012,"New Jersey",2,"Frank Faralli, Jr.","conservative, compassionate, creative",892,289069
"24776",2012,"New Jersey",3,"Robert Shapiro","bob?s for jobs",1104,324399
"24777",2012,"New Jersey",3,"Jon Runyan","republican",174253,324399
"24778",2012,"New Jersey",3,"Frederick John Lavergne","no slogan",770,324399
"24779",2012,"New Jersey",3,"Shelley Adler","democrat",145506,324399
"24780",2012,"New Jersey",3,"Robert Edward Forchion","legalize marijuana",1956,324399
"24781",2012,"New Jersey",3,"Robert Witterschein","none of them",530,324399
"24782",2012,"New Jersey",3,"Christopher G. Dennick, Jr.","no slogan",280,324399
"24783",2012,"New Jersey",4,"Brian P. Froelich","democrat",107991,306247
"24784",2012,"New Jersey",4,"Leonard P. Marshall","no slogan",3111,306247
"24785",2012,"New Jersey",4,"Christopher H. Smith","republican",195145,306247
"24786",2012,"New Jersey",5,"Patricia Alessandrini","green",6770,304371
"24787",2012,"New Jersey",5,"Scott Garrett","republican",167501,304371
"24788",2012,"New Jersey",5,"Adam Gussen","democrat",130100,304371
"24789",2012,"New Jersey",6,"Mac Dara Lyden","independent",830,239638
"24790",2012,"New Jersey",6,"Anna Little","republican",84360,239638
"24791",2012,"New Jersey",6,"Len Flynn","libertarian",1392,239638
"24792",2012,"New Jersey",6,"Karen Zaletel","overthrow all incumbents",868,239638
"24793",2012,"New Jersey",6,"Frank Pallone, Jr.","democrat",151782,239638
"24794",2012,"New Jersey",6,"Herbert L. Tarbous","reform",406,239638
"24795",2012,"New Jersey",7,"Upendra J. Chivukula","democrat",123057,307315
"24796",2012,"New Jersey",7,"Patrick McKnight","libertarian",4078,307315
"24797",2012,"New Jersey",7,"Leonard Lance","republican",175662,307315
"24798",2012,"New Jersey",7,"Dennis A. Breen","independent reform candidate",4518,307315
"24799",2012,"New Jersey",8,"Albio Sires","democrat",130853,167790
"24800",2012,"New Jersey",8,"Maria Karczewski","republican",31763,167790
"24801",2012,"New Jersey",8,"Pablo Olivera","unity is strength",1625,167790
"24802",2012,"New Jersey",8,"Stephen Deluca","restoring america?s promise",1710,167790
"24803",2012,"New Jersey",8,"Herbert H. Shaw","politicians are crooks",1839,167790
"24804",2012,"New Jersey",9,"Bill Pascrell, Jr.","democrat",162822,220133
"24805",2012,"New Jersey",9,"Shmuley Boteach","republican",55091,220133
"24806",2012,"New Jersey",9,"Jeanette Woolsey","constitution",1082,220133
"24807",2012,"New Jersey",9,"E. David Smith","abundant america",1138,220133
"24808",2012,"New Jersey",10,"Joanne Miller","change, change, change",3127,230060
"24809",2012,"New Jersey",10,"Brian C. Kelemen","republican",24271,230060
"24810",2012,"New Jersey",10,"Donald M. Payne, Jr.","democrat",201435,230060
"24811",2012,"New Jersey",10,"Mick Erickson","libertarian",1227,230060
"24812",2012,"New Jersey",11,"Rodney P. Frelinghuysen","republican",182237,309859
"24813",2012,"New Jersey",11,"John Arvanites","democrat",123897,309859
"24814",2012,"New Jersey",11,"Barry Berlin","opposing congressional gridlock",3725,309859
"24815",2012,"New Jersey",12,"Eric A. Beck","republican",80906,274378
"24816",2012,"New Jersey",12,"Kenneth J. Cody","truth vision hope",1285,274378
"24817",2012,"New Jersey",12,"Jack Freudenheim","independent",2261,274378
"24818",2012,"New Jersey",12,"Rush D. Holt","democrat",189926,274378
"24819",2012,"New Mexico",1,"Janice E. Arnold-Jones","republican",112473,275856
"24820",2012,"New Mexico",1,"Michelle Lujan Grisham","democrat",162924,275856
"24821",2012,"New Mexico",1,NA,NA,459,275856
"24822",2012,"New Mexico",2,NA,NA,173,225515
"24823",2012,"New Mexico",2,"Evelyn Madrid Erhard","democrat",92162,225515
"24824",2012,"New Mexico",2,"Steven Pearce","republican",133180,225515
"24825",2012,"New Mexico",3,"Jefferson L. Byrd","republican",97616,264719
"24826",2012,"New Mexico",3,"Ben Bay Luj_n","democrat",167103,264719
"24827",2012,"New York",1,"Blank Vote/Void Vote/Scattering","",17730,294578
"24828",2012,"New York",1,"Randy Altschuler","republican",106678,294578
"24829",2012,"New York",1,"Randy Altschuler","conservative",20053,294578
"24830",2012,"New York",1,"Timothy H. Bishop","democrat",134205,294578
"24831",2012,"New York",1,"Randy Altschuler","independence",4919,294578
"24832",2012,"New York",1,"Timothy H. Bishop","working families",10993,294578
"24833",2012,"New York",2,"Peter T. King","independence",6402,271832
"24834",2012,"New York",2,"Vivianne C. Falcone","working families",6580,271832
"24835",2012,"New York",2,"Vivianne C. Falcone","democrat",93375,271832
"24836",2012,"New York",2,"Blank Vote/Void Vote/Scattering","",29927,271832
"24837",2012,"New York",2,"Peter T. King","conservative",19465,271832
"24838",2012,"New York",2,"Peter T. King","republican",116083,271832
"24839",2012,"New York",3,"Steve Israel","working families",6491,306274
"24840",2012,"New York",3,"Steve Israel","independence",5095,306274
"24841",2012,"New York",3,"Anthony Tolda","constitution",366,306274
"24842",2012,"New York",3,"Michael McDermott","libertarian",1641,306274
"24843",2012,"New York",3,"Steve Israel","democrat",146016,306274
"24844",2012,"New York",3,"Stephen A. Labate","republican",98455,306274
"24845",2012,"New York",3,"Stephen A. Labate","conservative",14566,306274
"24846",2012,"New York",3,"Blank Vote/Void Vote/Scattering","",33644,306274
"24847",2012,"New York",4,"Carolyn McCarthy","independence",3893,299484
"24848",2012,"New York",4,"Blank Vote/Void Vote/Scattering","",34233,299484
"24849",2012,"New York",4,"Francis X. Becker","tax revolt",711,299484
"24850",2012,"New York",4,"Francis X. Becker","republican",84982,299484
"24851",2012,"New York",4,"Carolyn McCarthy","democrat",152590,299484
"24852",2012,"New York",4,"Frank J. Scaturro","conservative",15603,299484
"24853",2012,"New York",4,"Carolyn McCarthy","working families",7472,299484
"24854",2012,"New York",5,"Catherine Wark","libertarian",1345,224508
"24855",2012,"New York",5,"Blank Vote/Void Vote/Scattering","",37453,224508
"24856",2012,"New York",5,"Gregory W. Meeks","democrat",167835,224508
"24857",2012,"New York",5,"Allan W. Jennings","republican",17875,224508
"24858",2012,"New York",6,"Grace Meng","working families",3994,186932
"24859",2012,"New York",6,"Daniel J. Halloran","republican",45992,186932
"24860",2012,"New York",6,"Evergreen C. Chou","green",1913,186932
"24861",2012,"New York",6,"Daniel J. Halloran","conservative",4853,186932
"24862",2012,"New York",6,"Blank Vote/Void Vote/Scattering","",22675,186932
"24863",2012,"New York",6,"Grace Meng","democrat",107505,186932
"24864",2012,"New York",7,"Blank Vote/Void Vote/Scattering","",29692,178825
"24865",2012,"New York",7,"Nydia M. Vela?zquez","working families",8866,178825
"24866",2012,"New York",7,"Nydia M. Vela?zquez","democrat",132456,178825
"24867",2012,"New York",7,"James Murray","conservative",7811,178825
"24868",2012,"New York",8,"Blank Vote/Void Vote/Scattering","",32163,236292
"24869",2012,"New York",8,"Hakeem S. Jeffries","working families",5351,236292
"24870",2012,"New York",8,"Hakeem S. Jeffries","democrat",178687,236292
"24871",2012,"New York",8,"Alan S. Bellone","republican",15841,236292
"24872",2012,"New York",8,"Alan S. Bellone","conservative",1809,236292
"24873",2012,"New York",8,"Colin M. Beavan","green",2441,236292
"24874",2012,"New York",9,"Vivia M. Morgan","green",2991,238957
"24875",2012,"New York",9,"Daniel J. Cavanagh","republican",20899,238957
"24876",2012,"New York",9,"Yvette D. Clarke","working families",7973,238957
"24877",2012,"New York",9,"Daniel J. Cavanagh","conservative",3265,238957
"24878",2012,"New York",9,"Blank Vote/Void Vote/Scattering","",25661,238957
"24879",2012,"New York",9,"Yvette D. Clarke","democrat",178168,238957
"24880",2012,"New York",10,"Michael W. Chan","conservative",3871,236323
"24881",2012,"New York",10,"Blank Vote/Void Vote/Scattering","",32012,236323
"24882",2012,"New York",10,"Jerrold Nadler","working families",9092,236323
"24883",2012,"New York",10,"Michael W. Chan","republican",35440,236323
"24884",2012,"New York",10,"Jerrold Nadler","democrat",155908,236323
"24885",2012,"New York",11,"Blank Vote/Void Vote/Scattering","",17270,214755
"24886",2012,"New York",11,"Henry J. Bardel","green",1939,214755
"24887",2012,"New York",11,"Michael G. Grimm","conservative",12088,214755
"24888",2012,"New York",11,"Mark S. Murphy","working families",4710,214755
"24889",2012,"New York",11,"Michael G. Grimm","republican",91030,214755
"24890",2012,"New York",11,"Mark S. Murphy","democrat",87718,214755
"24891",2012,"New York",12,"Blank Vote/Void Vote/Scattering","",28140,268287
"24892",2012,"New York",12,"Carolyn B. Maloney","democrat",184864,268287
"24893",2012,"New York",12,"Carolyn B. Maloney","working families",8591,268287
"24894",2012,"New York",12,"Christopher R. Wight","conservative",2252,268287
"24895",2012,"New York",12,"Christopher R. Wight","republican",41969,268287
"24896",2012,"New York",12,"Christopher R. Wight","independence",2471,268287
"24897",2012,"New York",13,"Blank Vote/Void Vote/Scattering","",40718,233172
"24898",2012,"New York",13,"Craig Schley","republican",12132,233172
"24899",2012,"New York",13,"Deborah O. Liatos","socialist workers",5533,233172
"24900",2012,"New York",13,"Charles B. Rangel","working families",4319,233172
"24901",2012,"New York",13,"Charles B. Rangel","democrat",170470,233172
"24902",2012,"New York",14,"Joseph Crowley","working families",4644,170995
"24903",2012,"New York",14,"Blank Vote/Void Vote/Scattering","",25909,170995
"24904",2012,"New York",14,"Joseph Crowley","democrat",116117,170995
"24905",2012,"New York",14,"Anthony Gronowicz","green",2570,170995
"24906",2012,"New York",14,"William F. Gibbons","conservative",2564,170995
"24907",2012,"New York",14,"William F. Gibbons","republican",19191,170995
"24908",2012,"New York",15,"Jos_ E. Serrano","working families",2418,178645
"24909",2012,"New York",15,"Frank L. Della Valle","conservative",940,178645
"24910",2012,"New York",15,"Jos_ E. Serrano","democrat",150243,178645
"24911",2012,"New York",15,"Frank L. Della Valle","republican",3487,178645
"24912",2012,"New York",15,"Blank Vote/Void Vote/Scattering","",21557,178645
"24913",2012,"New York",16,"Eliot L. Engel","democrat",173885,270320
"24914",2012,"New York",16,"Eliot L. Engel","working families",5676,270320
"24915",2012,"New York",16,"Joseph Diaferia","green",2974,270320
"24916",2012,"New York",16,"Blank Vote/Void Vote/Scattering","",33850,270320
"24917",2012,"New York",16,"Joseph McLaughlin","republican",53935,270320
"24918",2012,"New York",17,"Francis E. Morganthaler","we the people",2771,297379
"24919",2012,"New York",17,"Nita M. Lowey","working families",9793,297379
"24920",2012,"New York",17,"Joe E. Carvin","republican",91899,297379
"24921",2012,"New York",17,"Blank Vote/Void Vote/Scattering","",31292,297379
"24922",2012,"New York",17,"Nita M. Lowey","democrat",161624,297379
"24923",2012,"New York",18,"Nan A. S. Hayworth","republican",113386,295436
"24924",2012,"New York",18,"Nan A. S. Hayworth","conservative",19663,295436
"24925",2012,"New York",18,"Sean Patrick Maloney","democrat",132456,295436
"24926",2012,"New York",18,"Sean Patrick Maloney","working families",11389,295436
"24927",2012,"New York",18,"Blank Vote/Void Vote/Scattering","",18542,295436
"24928",2012,"New York",19,"Julian Schreibman","working families",13265,305882
"24929",2012,"New York",19,"Christopher P. Gibson","independence",9509,305882
"24930",2012,"New York",19,"Blank Vote/Void Vote/Scattering","",22579,305882
"24931",2012,"New York",19,"Christopher P. Gibson","conservative",17573,305882
"24932",2012,"New York",19,"Christopher P. Gibson","republican",122654,305882
"24933",2012,"New York",19,"Julian Schreibman","democrat",120302,305882
"24934",2012,"New York",20,"Robert J. Dieterich","conservative",14676,317678
"24935",2012,"New York",20,"Blank Vote/Void Vote/Scattering","",20500,317678
"24936",2012,"New York",20,"Paul Tonko","independence",10291,317678
"24937",2012,"New York",20,"Paul Tonko","working families",12017,317678
"24938",2012,"New York",20,"Paul Tonko","democrat",181092,317678
"24939",2012,"New York",20,"Robert J. Dieterich","republican",79102,317678
"24940",2012,"New York",21,"Matthew A. Doheny","conservative",12877,268741
"24941",2012,"New York",21,"Blank Vote/Void Vote/Scattering","",16290,268741
"24942",2012,"New York",21,"Matthew A. Doheny","republican",104368,268741
"24943",2012,"New York",21,"William L. Owens","democrat",117856,268741
"24944",2012,"New York",21,"Donald L. Hassig","green",4174,268741
"24945",2012,"New York",21,"William L. Owens","working families",8775,268741
"24946",2012,"New York",21,"Matthew A. Doheny","independence",4401,268741
"24947",2012,"New York",22,"Richard L. Hanna","republican",145042,280189
"24948",2012,"New York",22,"Richard L. Hanna","independence",12899,280189
"24949",2012,"New York",22,"Blank Vote/Void Vote/Scattering","",20168,280189
"24950",2012,"New York",22,"Dan Lamb","democrat",102080,280189
"24951",2012,"New York",23,"Nate Shinagawa","democrat",114590,279796
"24952",2012,"New York",23,"Tom Reed","republican",117641,279796
"24953",2012,"New York",23,"Blank Vote/Void Vote/Scattering","",14592,279796
"24954",2012,"New York",23,"Nate Shinagawa","working families",12945,279796
"24955",2012,"New York",23,"Tom Reed","independence",5755,279796
"24956",2012,"New York",23,"Tom Reed","conservative",14273,279796
"24957",2012,"New York",24,"Ursula E. Rozum","green",22670,303567
"24958",2012,"New York",24,"Blank Vote/Void Vote/Scattering","",10799,303567
"24959",2012,"New York",24,"Ann Marie Buerkle","independence",4989,303567
"24960",2012,"New York",24,"Ann Marie Buerkle","republican",105584,303567
"24961",2012,"New York",24,"Daniel B. Maffei","working families",9136,303567
"24962",2012,"New York",24,"Ann Marie Buerkle","conservative",16481,303567
"24963",2012,"New York",24,"Daniel B. Maffei","democrat",133908,303567
"24964",2012,"New York",25,"Louise McIntosh Slaughter","working families",11049,322760
"24965",2012,"New York",25,"Blank Vote/Void Vote/Scattering","",9561,322760
"24966",2012,"New York",25,"Maggie Brooks","conservative",18543,322760
"24967",2012,"New York",25,"Louise McIntosh Slaughter","democrat",168761,322760
"24968",2012,"New York",25,"Maggie Brooks","independence",5554,322760
"24969",2012,"New York",25,"Maggie Brooks","republican",109292,322760
"24970",2012,"New York",26,"Brian Higgins","working families",17354,304961
"24971",2012,"New York",26,"Michael H. Madigan","independence",4055,304961
"24972",2012,"New York",26,"Michael H. Madigan","republican",57368,304961
"24973",2012,"New York",26,"Michael H. Madigan","conservative",10243,304961
"24974",2012,"New York",26,"Blank Vote/Void Vote/Scattering","",20707,304961
"24975",2012,"New York",26,"Brian Higgins","democrat",195234,304961
"24976",2012,"New York",27,"Kathleen C. Hochul","democrat",140008,329768
"24977",2012,"New York",27,"Blank Vote/Void Vote/Scattering","",12329,329768
"24978",2012,"New York",27,"Chris Collins","republican",137250,329768
"24979",2012,"New York",27,"Chris Collins","conservative",23970,329768
"24980",2012,"New York",27,"Kathleen C. Hochul","working families",16211,329768
"24981",2012,"North Carolina",1,"Darryl Holloman","libertarian",6134,338066
"24982",2012,"North Carolina",1,"G. K. Butterfield","democrat",254644,338066
"24983",2012,"North Carolina",1,"Pete DiLauro","republican",77288,338066
"24984",2012,"North Carolina",2,"Brian Irving","libertarian",8358,311397
"24985",2012,"North Carolina",2,"Renee L. Ellmers","republican",174066,311397
"24986",2012,"North Carolina",2,"Steve Wilkins","democrat",128973,311397
"24987",2012,"North Carolina",3,"Walter B. Jones","republican",195571,309885
"24988",2012,"North Carolina",3,"Erik Anderson","democrat",114314,309885
"24989",2012,"North Carolina",4,"Tim D?Annunzio","republican",88951,348485
"24990",2012,"North Carolina",4,"David E. Price","democrat",259534,348485
"24991",2012,"North Carolina",5,"Virginia Foxx","republican",200945,349197
"24992",2012,"North Carolina",5,"Elisabeth Motsinger","democrat",148252,349197
"24993",2012,"North Carolina",6,"Howard Coble","republican",222116,364583
"24994",2012,"North Carolina",6,"Tony Foriest","democrat",142467,364583
"24995",2012,"North Carolina",7,"Mike McIntyre","democrat",168695,336736
"24996",2012,"North Carolina",7,"David Rouzer","republican",168041,336736
"24997",2012,"North Carolina",8,"Larry Kissell","democrat",137139,302280
"24998",2012,"North Carolina",8,"Richard Hudson","republican",160695,302280
"24999",2012,"North Carolina",8,NA,NA,3990,302280
"25000",2012,"North Carolina",8,NA,NA,456,302280
"25001",2012,"North Carolina",9,"Robert Pittenger","republican",194537,375690
"25002",2012,"North Carolina",9,"Jennifer Roberts","democrat",171503,375690
"25003",2012,"North Carolina",9,"Curtis Campbell","libertarian",9650,375690
"25004",2012,"North Carolina",10,"Patsy Keever","democrat",144023,334849
"25005",2012,"North Carolina",10,"Patrick T. McHenry","republican",190826,334849
"25006",2012,"North Carolina",11,"Hayden Rogers","democrat",141107,331426
"25007",2012,"North Carolina",11,"Mark Meadows","republican",190319,331426
"25008",2012,"North Carolina",12,"Jack Brosch","republican",63317,310908
"25009",2012,"North Carolina",12,"Melvin L. Watt","democrat",247591,310908
"25010",2012,"North Carolina",13,"George Holding","republican",210495,370610
"25011",2012,"North Carolina",13,"Charles Malone","democrat",160115,370610
"25012",2012,"North Dakota",0,"Pam Gulleson","democratic-nonpartisan league",131870,316224
"25013",2012,"North Dakota",0,"Eric Olson","libertarian",10261,316224
"25014",2012,"North Dakota",0,NA,NA,508,316224
"25015",2012,"North Dakota",0,"Kevin Cramer","republican",173585,316224
"25016",2012,"Ohio",1,"Jim Berns","libertarian",9674,349716
"25017",2012,"Ohio",1,"Steve Chabot","republican",201907,349716
"25018",2012,"Ohio",1,"Rich Stevenson","green",6645,349716
"25019",2012,"Ohio",1,"Jeff Sinnard","democrat",131490,349716
"25020",2012,"Ohio",2,"Brad Wenstrup","republican",194296,331373
"25021",2012,"Ohio",2,"William R. Smith","democrat",137077,331373
"25022",2012,"Ohio",3,"Chris Long","republican",77901,295652
"25023",2012,"Ohio",3,"Bob Fitrakis","green",6387,295652
"25024",2012,"Ohio",3,"Joyce Beatty","democrat",201897,295652
"25025",2012,"Ohio",3,"Richard Ehrbar","libertarian",9462,295652
"25026",2012,"Ohio",3,NA,NA,5,295652
"25027",2012,"Ohio",4,"Chris Kalla","libertarian",16141,312998
"25028",2012,"Ohio",4,"Jim Slone","democrat",114214,312998
"25029",2012,"Ohio",4,"Jim Jordan","republican",182643,312998
"25030",2012,"Ohio",5,"Robert E. Latta","republican",201514,351878
"25031",2012,"Ohio",5,"Eric Eberly","libertarian",12558,351878
"25032",2012,"Ohio",5,"Angela Zimmann","democrat",137806,351878
"25033",2012,"Ohio",6,"Bill Johnson","republican",164536,308980
"25034",2012,"Ohio",6,"Charlie Wilson","democrat",144444,308980
"25035",2012,"Ohio",7,"Bob Gibbs","republican",178104,315812
"25036",2012,"Ohio",7,"Joyce R. Healy-Abrams","democrat",137708,315812
"25037",2012,"Ohio",8,NA,NA,1938,248316
"25038",2012,"Ohio",8,"John A. Boehner","republican",246378,248316
"25039",2012,"Ohio",9,"Marcy Kaptur","democrat",217771,298164
"25040",2012,"Ohio",9,"Samuel J. Wurzelbacher","republican",68668,298164
"25041",2012,"Ohio",9,"Sean P. Stipe","libertarian",11725,298164
"25042",2012,"Ohio",10,"David A. Harlow","libertarian",10373,349671
"25043",2012,"Ohio",10,"Michael R. Turner","republican",208201,349671
"25044",2012,"Ohio",10,"Sharen Swartz Neuhardt","democrat",131097,349671
"25045",2012,"Ohio",11,"Marcia L. Fudge","democrat",258359,258359
"25046",2012,"Ohio",12,"Jim Reese","democrat",134605,368474
"25047",2012,"Ohio",12,"Patrick J. Tiberi","republican",233869,368474
"25048",2012,"Ohio",13,"Tim Ryan","democrat",235492,323612
"25049",2012,"Ohio",13,"Marisha G. Agana","republican",88120,323612
"25050",2012,"Ohio",14,NA,NA,1,339894
"25051",2012,"Ohio",14,"Dale Virgil Blanchard","democrat",131637,339894
"25052",2012,"Ohio",14,"David Macko","libertarian",11536,339894
"25053",2012,"Ohio",14,"Elaine R. Mastromatteo","green",13038,339894
"25054",2012,"Ohio",14,NA,NA,5,339894
"25055",2012,"Ohio",14,"David P. Joyce","republican",183657,339894
"25056",2012,"Ohio",14,NA,NA,20,339894
"25057",2012,"Ohio",15,"Steve Stivers","republican",205274,333462
"25058",2012,"Ohio",15,"Pat Lang","democrat",128188,333462
"25059",2012,"Ohio",16,"Betty Sutton","democrat",170600,355765
"25060",2012,"Ohio",16,"James B. Renacci","republican",185165,355765
"25061",2012,"Oklahoma",1,"John Olson","democrat",91421,285312
"25062",2012,"Oklahoma",1,"Jim Bridenstine","republican",181084,285312
"25063",2012,"Oklahoma",1,"Craig Allen","independent",12807,285312
"25064",2012,"Oklahoma",2,"Rob Wallace","democrat",96081,250612
"25065",2012,"Oklahoma",2,"Markwayne Mullin","republican",143701,250612
"25066",2012,"Oklahoma",2,"Michael G. Fulks","independent",10830,250612
"25067",2012,"Oklahoma",3,"Timothy Ray Murray","democrat",53472,268003
"25068",2012,"Oklahoma",3,"William M. Sanders","independent",12787,268003
"25069",2012,"Oklahoma",3,"Frank D. Lucas","republican",201744,268003
"25070",2012,"Oklahoma",4,"R. J. Harris","independent",11745,260331
"25071",2012,"Oklahoma",4,"Donna Marie Bebo","democrat",71846,260331
"25072",2012,"Oklahoma",4,"Tom Cole","republican",176740,260331
"25073",2012,"Oklahoma",5,"Pat Martin","independent",5394,261677
"25074",2012,"Oklahoma",5,"James Lankford","republican",153603,261677
"25075",2012,"Oklahoma",5,"Tom Guild","democrat",97504,261677
"25076",2012,"Oklahoma",5,"Robert T. Murphy","independent",5176,261677
"25077",2012,"Oregon",1,"Bob Ekstrom","constitution",8918,331980
"25078",2012,"Oregon",1,"Delinda Morgan","republican",109699,331980
"25079",2012,"Oregon",1,"Suzanne Bonamici","democrat",197845,331980
"25080",2012,"Oregon",1,"Other","",509,331980
"25081",2012,"Oregon",1,"Steven Reynolds","progressive",15009,331980
"25082",2012,"Oregon",2,"Joyce B. Segers","democrat",96741,332255
"25083",2012,"Oregon",2,"Other","",446,332255
"25084",2012,"Oregon",2,"Joe Tabor","libertarian",7025,332255
"25085",2012,"Oregon",2,"Greg Walden","republican",228043,332255
"25086",2012,"Oregon",3,"Ronald Green","republican",70325,355875
"25087",2012,"Oregon",3,"Michael Cline","libertarian",6640,355875
"25088",2012,"Oregon",3,"Earl Blumenauer","democrat",264979,355875
"25089",2012,"Oregon",3,"Other","",772,355875
"25090",2012,"Oregon",3,"Woodrow Broadnax","pacific green",13159,355875
"25091",2012,"Oregon",4,"Peter A. DeFazio","democrat",212866,360088
"25092",2012,"Oregon",4,"Art Robinson","republican",140549,360088
"25093",2012,"Oregon",4,"Other","",468,360088
"25094",2012,"Oregon",4,"Chuck Huntting","libertarian",6205,360088
"25095",2012,"Oregon",5,"Christina Jean Lugo","pacific green",7516,327970
"25096",2012,"Oregon",5,"Other","",402,327970
"25097",2012,"Oregon",5,"Raymond Baldwin","constitution",3600,327970
"25098",2012,"Oregon",5,"Kurt Schrader","democrat",177229,327970
"25099",2012,"Oregon",5,"Fred Thompson","republican",139223,327970
"25100",2012,"Pennsylvania",1,"John Featherman","republican",41708,277102
"25101",2012,"Pennsylvania",1,"Robert A. Brady","democrat",235394,277102
"25102",2012,"Pennsylvania",2,"James Foster","independent",4829,356386
"25103",2012,"Pennsylvania",2,"Robert Allen Mansfield, Jr.","republican",33381,356386
"25104",2012,"Pennsylvania",2,"Chaka Fattah","democrat",318176,356386
"25105",2012,"Pennsylvania",3,"Missa Eaton","democrat",123933,302514
"25106",2012,"Pennsylvania",3,"Mike Kelly","republican",165826,302514
"25107",2012,"Pennsylvania",3,"Steven Porter","independent",12755,302514
"25108",2012,"Pennsylvania",4,"Michael Bryant Koffenberger","libertarian",6210,303980
"25109",2012,"Pennsylvania",4,"Scott Perry","republican",181603,303980
"25110",2012,"Pennsylvania",4,"Wayne W. Wolff","independent",11524,303980
"25111",2012,"Pennsylvania",4,"Harry Perkinson","democrat",104643,303980
"25112",2012,"Pennsylvania",5,"Charles Dumas","democrat",104725,282465
"25113",2012,"Pennsylvania",5,"Glenn Thompson","republican",177740,282465
"25114",2012,"Pennsylvania",6,"Manan M. Trivedi","democrat",143803,335528
"25115",2012,"Pennsylvania",6,"Jim Gerlach","republican",191725,335528
"25116",2012,"Pennsylvania",7,"George Badey","democrat",143509,353451
"25117",2012,"Pennsylvania",7,"Patrick Meehan","republican",209942,353451
"25118",2012,"Pennsylvania",8,"Kathy Boockvar","democrat",152859,352238
"25119",2012,"Pennsylvania",8,"Michael G. Fitzpatrick","republican",199379,352238
"25120",2012,"Pennsylvania",9,"Bill Shuster","republican",169177,274305
"25121",2012,"Pennsylvania",9,"Karen Ramsburg","democrat",105128,274305
"25122",2012,"Pennsylvania",10,"Philip Scollo","democrat",94227,273790
"25123",2012,"Pennsylvania",10,"Tom Marino","republican",179563,273790
"25124",2012,"Pennsylvania",11,"Lou Barletta","republican",166967,285198
"25125",2012,"Pennsylvania",11,"Gene Stilp","democrat",118231,285198
"25126",2012,"Pennsylvania",12,"Mark S. Critz","democrat",163589,338941
"25127",2012,"Pennsylvania",12,"Keith J. Rothfus","republican",175352,338941
"25128",2012,"Pennsylvania",13,"Allyson Y. Schwartz","democrat",209901,303819
"25129",2012,"Pennsylvania",13,"Joseph James Rooney","republican",93918,303819
"25130",2012,"Pennsylvania",14,"Hans Lessmann","republican",75702,327634
"25131",2012,"Pennsylvania",14,"Michael F. Doyle","democrat",251932,327634
"25132",2012,"Pennsylvania",15,"Charles W. Dent","republican",168960,297724
"25133",2012,"Pennsylvania",15,"Rick Daugherty","democrat",128764,297724
"25134",2012,"Pennsylvania",16,"John A. Murphy","independent",12250,284781
"25135",2012,"Pennsylvania",16,"James F. Bednarski","bednarski for congress",5154,284781
"25136",2012,"Pennsylvania",16,"Joseph R. Pitts","republican",156192,284781
"25137",2012,"Pennsylvania",16,"Aryanna C. Strader","democrat",111185,284781
"25138",2012,"Pennsylvania",17,"Matthew A. Cartwright","democrat",161393,267601
"25139",2012,"Pennsylvania",17,"Laureen A. Cummings","republican",106208,267601
"25140",2012,"Pennsylvania",18,"Larry Maggi","democrat",122146,338873
"25141",2012,"Pennsylvania",18,"Tim Murphy","republican",216727,338873
"25142",2012,"Rhode Island",1,"Brendan P. Doherty","republican",83737,205115
"25143",2012,"Rhode Island",1,NA,NA,262,205115
"25144",2012,"Rhode Island",1,"David S. Vogel","independent",12504,205115
"25145",2012,"Rhode Island",1,"David N. Cicilline","democrat",108612,205115
"25146",2012,"Rhode Island",2,"Michael G. Riley","republican",78189,222660
"25147",2012,"Rhode Island",2,NA,NA,192,222660
"25148",2012,"Rhode Island",2,"James R. Langevin","democrat",124067,222660
"25149",2012,"Rhode Island",2,"Abel G. Collins","independent",20212,222660
"25150",2012,"South Carolina",1,"Bobbie G. Rose","democrat",98154,290013
"25151",2012,"South Carolina",1,"Keith Blandford","libertarian",6334,290013
"25152",2012,"South Carolina",1,"Bobbie G. Rose","working families",5403,290013
"25153",2012,"South Carolina",1,"Tim Scott","republican",179908,290013
"25154",2012,"South Carolina",1,NA,NA,214,290013
"25155",2012,"South Carolina",2,NA,NA,7602,203718
"25156",2012,"South Carolina",2,"Joe Wilson","republican",196116,203718
"25157",2012,"South Carolina",3,"Jeff Duncan","republican",169512,254763
"25158",2012,"South Carolina",3,"Brian Ryan B. Doyle","democrat",84735,254763
"25159",2012,"South Carolina",3,NA,NA,516,254763
"25160",2012,"South Carolina",4,"Jeff Sumerel","green",3390,266884
"25161",2012,"South Carolina",4,NA,NA,329,266884
"25162",2012,"South Carolina",4,"Deb Morrow","working families",5877,266884
"25163",2012,"South Carolina",4,"Trey Gowdy","republican",173201,266884
"25164",2012,"South Carolina",4,"Deb Morrow","democrat",84087,266884
"25165",2012,"South Carolina",5,"Mick Mulvaney","republican",154324,278003
"25166",2012,"South Carolina",5,"Joyce Knott","democrat",113904,278003
"25167",2012,"South Carolina",5,"Joyce Knott","working families",9539,278003
"25168",2012,"South Carolina",5,NA,NA,236,278003
"25169",2012,"South Carolina",6,"Nammu Y. Muhammad","green",12920,233615
"25170",2012,"South Carolina",6,"James E. Clyburn","democrat",218717,233615
"25171",2012,"South Carolina",6,NA,NA,1978,233615
"25172",2012,"South Carolina",7,"Gloria Bromell Tinubu","working families",7795,275738
"25173",2012,"South Carolina",7,NA,NA,281,275738
"25174",2012,"South Carolina",7,"Gloria Bromell Tinubu","democrat",114594,275738
"25175",2012,"South Carolina",7,"Tom Rice","republican",153068,275738
"25176",2012,"South Dakota",0,"Kristi L. Noem","republican",207640,361429
"25177",2012,"South Dakota",0,"Matt Varilek","democrat",153789,361429
"25178",2012,"Tennessee",1,"Alan Woodruff","democrat",47663,239672
"25179",2012,"Tennessee",1,"Michael D. Salyer","independent",2048,239672
"25180",2012,"Tennessee",1,"Robert N. Smith","green",2872,239672
"25181",2012,"Tennessee",1,"Karen Sherry Brackett","independent",4837,239672
"25182",2012,"Tennessee",1,"David P. Roe","republican",182252,239672
"25183",2012,"Tennessee",2,"Brandon Stewart","independent",2974,264505
"25184",2012,"Tennessee",2,"Norris Dryer","green",5733,264505
"25185",2012,"Tennessee",2,"John J. Duncan, Jr.","republican",196894,264505
"25186",2012,"Tennessee",2,"Troy Christopher Goodale","democrat",54522,264505
"25187",2012,"Tennessee",2,"Greg Samples","independent",4382,264505
"25188",2012,"Tennessee",3,"Mary M. Headrick","democrat",91094,256909
"25189",2012,"Tennessee",3,"Matthew Deniston","independent",7905,256909
"25190",2012,"Tennessee",3,NA,NA,18,256909
"25191",2012,"Tennessee",3,NA,NA,62,256909
"25192",2012,"Tennessee",3,"Charles J. """"Chuck"""" Fleischmann","republican",157830,256909
"25193",2012,"Tennessee",4,"Scott DesJarlais","republican",128568,230590
"25194",2012,"Tennessee",4,"Eric Stewart","democrat",102022,230590
"25195",2012,"Tennessee",5,"Brad Staats","republican",86240,263095
"25196",2012,"Tennessee",5,NA,NA,12,263095
"25197",2012,"Tennessee",5,"John Miglietta","green",5222,263095
"25198",2012,"Tennessee",5,"Jim Cooper","democrat",171621,263095
"25199",2012,"Tennessee",6,"Diane Black","republican",184383,241241
"25200",2012,"Tennessee",6,NA,NA,4,241241
"25201",2012,"Tennessee",6,NA,NA,455,241241
"25202",2012,"Tennessee",6,"Scott Beasley","independent",34766,241241
"25203",2012,"Tennessee",6,"Pat Riley","green",21633,241241
"25204",2012,"Tennessee",7,"Credo Amouzouvik","democrat",61679,257306
"25205",2012,"Tennessee",7,"Marsha Blackburn","republican",182730,257306
"25206",2012,"Tennessee",7,"Jack Arnold","independent",4256,257306
"25207",2012,"Tennessee",7,"Leonard D. """"Lenny"""" Ladner","independent",1261,257306
"25208",2012,"Tennessee",7,"Wm. Ryan Akin","independent",2740,257306
"25209",2012,"Tennessee",7,"Howard Switzer","green",4640,257306
"25210",2012,"Tennessee",8,"Stephen Lee Fincher","republican",190923,279422
"25211",2012,"Tennessee",8,"Timothy D. Dixon","democrat",79490,279422
"25212",2012,"Tennessee",8,"Mark J. Rawles","independent",2870,279422
"25213",2012,"Tennessee",8,"James Hart","independent",6139,279422
"25214",2012,"Tennessee",9,"Brian L. Saulsberry","independent",1448,250987
"25215",2012,"Tennessee",9,"George S. Flinn, Jr.","republican",59742,250987
"25216",2012,"Tennessee",9,NA,NA,2,250987
"25217",2012,"Tennessee",9,NA,NA,1,250987
"25218",2012,"Tennessee",9,"Steve Cohen","democrat",188422,250987
"25219",2012,"Tennessee",9,"Gregory M. Joiner","independent",1372,250987
"25220",2012,"Texas",1,"Louie Gohmert","republican",178322,249658
"25221",2012,"Texas",1,"Clark Patterson","libertarian",4114,249658
"25222",2012,"Texas",1,"Shirley J. McKellar","democrat",67222,249658
"25223",2012,"Texas",2,"Kenneth Duncan","libertarian",4140,246328
"25224",2012,"Texas",2,"Ted Poe","republican",159664,246328
"25225",2012,"Texas",2,"Jim Dougherty","democrat",80512,246328
"25226",2012,"Texas",2,"Mark A. Roberts","green",2012,246328
"25227",2012,"Texas",3,"Sam Johnson","republican",187180,187180
"25228",2012,"Texas",4,"Thomas Griffing","libertarian",7262,250343
"25229",2012,"Texas",4,"Fred Rostek","",188,250343
"25230",2012,"Texas",4,"VaLinda Hathcox","democrat",60214,250343
"25231",2012,"Texas",4,"Ralph M. Hall","republican",182679,250343
"25232",2012,"Texas",5,"Jeb Hensarling","republican",134091,208230
"25233",2012,"Texas",5,"Ken Ashby","libertarian",4961,208230
"25234",2012,"Texas",5,"Linda S. Mrosko","democrat",69178,208230
"25235",2012,"Texas",6,"Hugh Chauvin","libertarian",4847,249936
"25236",2012,"Texas",6,"Joe Barton","republican",145019,249936
"25237",2012,"Texas",6,"Kenneth Sanders","democrat",98053,249936
"25238",2012,"Texas",6,"Brandon Parmer","green",2017,249936
"25239",2012,"Texas",7,"James Cargas","democrat",85553,234837
"25240",2012,"Texas",7,"Drew Parks","libertarian",4669,234837
"25241",2012,"Texas",7,"Lance Findley","green",1822,234837
"25242",2012,"Texas",7,"John Abney Culberson","republican",142793,234837
"25243",2012,"Texas",8,"Roy Hall","libertarian",5958,251052
"25244",2012,"Texas",8,"Kevin Brady","republican",194043,251052
"25245",2012,"Texas",8,"Neil Burns","democrat",51051,251052
"25246",2012,"Texas",9,"Al Green","democrat",144075,183566
"25247",2012,"Texas",9,"Steve Mueller","republican",36139,183566
"25248",2012,"Texas",9,"John Wieder","libertarian",1609,183566
"25249",2012,"Texas",9,"Vanessa Foster","green",1743,183566
"25250",2012,"Texas",10,"Michael T. McCaul","republican",159783,264019
"25251",2012,"Texas",10,"Richard Priest","libertarian",8526,264019
"25252",2012,"Texas",10,"Tawana W. Cadien","democrat",95710,264019
"25253",2012,"Texas",11,"Jim Riley","democrat",41970,226023
"25254",2012,"Texas",11,"Scott J. Ballard","libertarian",6311,226023
"25255",2012,"Texas",11,"K. Michael Conaway","republican",177742,226023
"25256",2012,"Texas",12,"Matthew Solodow","libertarian",5983,247712
"25257",2012,"Texas",12,"Dave Robinson","democrat",66080,247712
"25258",2012,"Texas",12,"Kay Granger","republican",175649,247712
"25259",2012,"Texas",13,"Keith F. Houston","green",5912,206388
"25260",2012,"Texas",13,"Mac Thornberry","republican",187775,206388
"25261",2012,"Texas",13,"John Robert Deek","libertarian",12701,206388
"25262",2012,"Texas",14,"Nick Lampson","democrat",109697,245839
"25263",2012,"Texas",14,"Rhett Rosenquest Smith","green",1063,245839
"25264",2012,"Texas",14,"Zach Grady","libertarian",3619,245839
"25265",2012,"Texas",14,"Randy Weber","republican",131460,245839
"25266",2012,"Texas",15,"Ron Finch","libertarian",3309,146661
"25267",2012,"Texas",15,"Dale A. Brueggemann","republican",54056,146661
"25268",2012,"Texas",15,"Rub_n Hinojosa","democrat",89296,146661
"25269",2012,"Texas",16,"Barbara Carrasco","republican",51043,155005
"25270",2012,"Texas",16,"Beto O'Rourke","democrat",101403,155005
"25271",2012,"Texas",16,"Junart Sodoy","libertarian",2559,155005
"25272",2012,"Texas",17,"Ben Easton","libertarian",35978,179262
"25273",2012,"Texas",17,"Bill Flores","republican",143284,179262
"25274",2012,"Texas",18,"Sheila Jackson Lee","democrat",146223,194932
"25275",2012,"Texas",18,"Christopher Barber","libertarian",4694,194932
"25276",2012,"Texas",18,"Sean Seibert","republican",44015,194932
"25277",2012,"Texas",19,"Richard """"Chip"""" Peterson","libertarian",28824,192063
"25278",2012,"Texas",19,"Randy Neugebauer","republican",163239,192063
"25279",2012,"Texas",20,"David Rosa","republican",62376,186177
"25280",2012,"Texas",20,"Antonio Diaz","green",1626,186177
"25281",2012,"Texas",20,"A. E. """"Tracy"""" Potts","libertarian",3143,186177
"25282",2012,"Texas",20,"Joaquin Castro","democrat",119032,186177
"25283",2012,"Texas",21,"Lamar Smith","republican",187015,308865
"25284",2012,"Texas",21,"Candace E. Duval","democrat",109326,308865
"25285",2012,"Texas",21,"John-Henry Liberty","libertarian",12524,308865
"25286",2012,"Texas",22,"Don Cook","green",4054,250911
"25287",2012,"Texas",22,"Pete Olson","republican",160668,250911
"25288",2012,"Texas",22,"Steven Susman","libertarian",5986,250911
"25289",2012,"Texas",22,"Kesha Rogers","democrat",80203,250911
"25290",2012,"Texas",23,"Pete P. Gallego","democrat",96676,192169
"25291",2012,"Texas",23,"Francisco """"Quico"""" Canseco","republican",87547,192169
"25292",2012,"Texas",23,"Ed Scharf","green",2105,192169
"25293",2012,"Texas",23,"Jeffrey C. Blunt","libertarian",5841,192169
"25294",2012,"Texas",24,"John Stathas","libertarian",7258,243489
"25295",2012,"Texas",24,"Kenny Marchant","republican",148586,243489
"25296",2012,"Texas",24,"Tim Rusk","democrat",87645,243489
"25297",2012,"Texas",25,"Roger Williams","republican",154245,263932
"25298",2012,"Texas",25,"Elaine M. Henderson","democrat",98827,263932
"25299",2012,"Texas",25,"Betsy Dewey","libertarian",10860,263932
"25300",2012,"Texas",26,"Mark Boler","libertarian",7844,258723
"25301",2012,"Texas",26,"Michael C. Burgess","republican",176642,258723
"25302",2012,"Texas",26,"David Sanchez","democrat",74237,258723
"25303",2012,"Texas",27,"Bret Baldwin","independent",5354,212651
"25304",2012,"Texas",27,"Blake Farenthold","republican",120684,212651
"25305",2012,"Texas",27,"Corrie Byrd","libertarian",3218,212651
"25306",2012,"Texas",27,"Rose Meza Harrison","democrat",83395,212651
"25307",2012,"Texas",28,"William R. Hayward","republican",49309,165645
"25308",2012,"Texas",28,"Patrick Hisel","libertarian",2473,165645
"25309",2012,"Texas",28,"Henry Cuellar","democrat",112456,165645
"25310",2012,"Texas",28,"Michael D. Cary","green",1407,165645
"25311",2012,"Texas",29,"James Stanczak","libertarian",4996,95611
"25312",2012,"Texas",29,"Maria Selva","green",4562,95611
"25313",2012,"Texas",29,"Gene Green","democrat",86053,95611
"25314",2012,"Texas",30,"Ed Rankin","libertarian",4733,217014
"25315",2012,"Texas",30,"Eddie Bernice Johnson","democrat",171059,217014
"25316",2012,"Texas",30,"Travis Washington, Jr.","republican",41222,217014
"25317",2012,"Texas",31,"John R. Carter","republican",145348,237187
"25318",2012,"Texas",31,"Ethan Garofolo","libertarian",8862,237187
"25319",2012,"Texas",31,"Stephen M. Wyman","democrat",82977,237187
"25320",2012,"Texas",32,"Pete Sessions","republican",146653,251636
"25321",2012,"Texas",32,"Katherine Savers McGovern","democrat",99288,251636
"25322",2012,"Texas",32,"Seth Hollist","libertarian",5695,251636
"25323",2012,"Texas",33,"Chuck Bradley","republican",30252,117375
"25324",2012,"Texas",33,"Ed Lindsay","green",2009,117375
"25325",2012,"Texas",33,"Marc Veasey","democrat",85114,117375
"25326",2012,"Texas",34,"Filemon Vela","democrat",89606,144778
"25327",2012,"Texas",34,"Steven """"Ziggy"""" Shanklin","libertarian",2724,144778
"25328",2012,"Texas",34,"Jessica Puente Bradshaw","republican",52448,144778
"25329",2012,"Texas",35,"Ross Lynn Leone","libertarian",4082,165179
"25330",2012,"Texas",35,NA,NA,37,165179
"25331",2012,"Texas",35,"Meghan Owen","green",2540,165179
"25332",2012,"Texas",35,"Lloyd Doggett","democrat",105626,165179
"25333",2012,"Texas",35,"Susan Narvaiz","republican",52894,165179
"25334",2012,"Texas",36,"Steve Stockman","republican",165405,233832
"25335",2012,"Texas",36,"Michael K. Cole","libertarian",6284,233832
"25336",2012,"Texas",36,"Max Martin","democrat",62143,233832
"25337",2012,"Utah",1,"Rob Bishop","republican",175487,245528
"25338",2012,"Utah",1,"Donna M. McAleer","democrat",60611,245528
"25339",2012,"Utah",1,"Sherry Phipps","constitution",9430,245528
"25340",2012,"Utah",2,"Jay Seegmiller","democrat",83176,248545
"25341",2012,"Utah",2,"Chris Stewart","republican",154523,248545
"25342",2012,"Utah",2,"Jonathan D. Garrard","constitution",5051,248545
"25343",2012,"Utah",2,"Charles E. Kimball","none",2824,248545
"25344",2012,"Utah",2,"Joseph Andrade","none",2971,248545
"25345",2012,"Utah",3,"Soren D. Simonsen","democrat",60719,259547
"25346",2012,"Utah",3,"Jason Chaffetz","republican",198828,259547
"25347",2012,"Utah",4,"Jim Matheson","democrat",119803,245277
"25348",2012,"Utah",4,"Jim L. Vein","libertarian",6439,245277
"25349",2012,"Utah",4,"Mia B. Love","republican",119035,245277
"25350",2012,"Vermont",0,"Jane Newton","liberty union",4065,289931
"25351",2012,"Vermont",0,NA,NA,268,289931
"25352",2012,"Vermont",0,"Mark Donka","republican",67543,289931
"25353",2012,"Vermont",0,"Andre Laframboise","votekiss",1153,289931
"25354",2012,"Vermont",0,"James """"Sam"""" Desrochers","independent",8302,289931
"25355",2012,"Vermont",0,"Peter Welch","democrat",208600,289931
"25356",2012,"Virginia",1,"Robert J. Wittman","republican",200845,356806
"25357",2012,"Virginia",1,NA,NA,617,356806
"25358",2012,"Virginia",1,"G. Gail Parker","independent green",8308,356806
"25359",2012,"Virginia",1,"Adam M. Cook","democrat",147036,356806
"25360",2012,"Virginia",2,"E. Scott Rigell","republican",166231,309222
"25361",2012,"Virginia",2,NA,NA,443,309222
"25362",2012,"Virginia",2,"Paul O. Hirschbiel, Jr.","democrat",142548,309222
"25363",2012,"Virginia",3,NA,NA,806,318936
"25364",2012,"Virginia",3,"Dean J. Longo","republican",58931,318936
"25365",2012,"Virginia",3,"Robert C. """"Bobby"""" Scott","democrat",259199,318936
"25366",2012,"Virginia",4,NA,NA,564,350046
"25367",2012,"Virginia",4,"J. Randy Forbes","republican",199292,350046
"25368",2012,"Virginia",4,"Ella P. Ward","democrat",150190,350046
"25369",2012,"Virginia",5,"John Wade Douglass","democrat",149214,348111
"25370",2012,"Virginia",5,"Robert Hurt","republican",193009,348111
"25371",2012,"Virginia",5,"Kenneth J. Hildebrandt","independent green",5500,348111
"25372",2012,"Virginia",5,NA,NA,388,348111
"25373",2012,"Virginia",6,"Andy B. Schmookler","democrat",111949,323893
"25374",2012,"Virginia",6,NA,NA,666,323893
"25375",2012,"Virginia",6,"Bob Goodlatte","republican",211278,323893
"25376",2012,"Virginia",7,"E. Wayne Powell","democrat",158012,381909
"25377",2012,"Virginia",7,"Eric Cantor","republican",222983,381909
"25378",2012,"Virginia",7,NA,NA,914,381909
"25379",2012,"Virginia",8,"Janet Murphy","independent green",5985,351187
"25380",2012,"Virginia",8,"James P. Moran","democrat",226847,351187
"25381",2012,"Virginia",8,"Jason J. Howell","independent",10180,351187
"25382",2012,"Virginia",8,NA,NA,805,351187
"25383",2012,"Virginia",8,"J. Patrick Murray","republican",107370,351187
"25384",2012,"Virginia",9,"H. Morgan Griffith","republican",184882,301658
"25385",2012,"Virginia",9,NA,NA,376,301658
"25386",2012,"Virginia",9,"Anthony J. Flaccavento","democrat",116400,301658
"25387",2012,"Virginia",10,"Frank R. Wolf","republican",214038,366444
"25388",2012,"Virginia",10,"J. Kevin Chisholm","independent",9855,366444
"25389",2012,"Virginia",10,NA,NA,527,366444
"25390",2012,"Virginia",10,"Kristin A. Cabral","democrat",142024,366444
"25391",2012,"Virginia",11,"Gerald E. Connolly","democrat",202606,332243
"25392",2012,"Virginia",11,NA,NA,788,332243
"25393",2012,"Virginia",11,"Christopher F. DeCarlo","independent",3027,332243
"25394",2012,"Virginia",11,"Mark T. Gibson","independent",3806,332243
"25395",2012,"Virginia",11,"Chris S. Perkins","republican",117902,332243
"25396",2012,"Virginia",11,"Peter M. Marchetti","independent green",1919,332243
"25397",2012,"Virginia",11,"Joe F. Galdo, Jr.","green",2195,332243
"25398",2012,"Washington",1,"John Koster","republican",151187,328212
"25399",2012,"Washington",1,"Suzan DelBene","democrat",177025,328212
"25400",2012,"Washington",2,"Dan Matthews","republican",117465,302291
"25401",2012,"Washington",2,"Rick Larsen","democrat",184826,302291
"25402",2012,"Washington",3,"Jon T. Haugen","democrat",116438,293884
"25403",2012,"Washington",3,"Jaime Herrera Beutler","republican",177446,293884
"25404",2012,"Washington",4,"Doc Hastings","republican",154749,233689
"25405",2012,"Washington",4,"Mary Baechler","democrat",78940,233689
"25406",2012,"Washington",5,"Rich Cowan","democrat",117512,308578
"25407",2012,"Washington",5,"Cathy McMorris Rodgers","republican",191066,308578
"25408",2012,"Washington",6,"Derek Kilmer","democrat",186661,316386
"25409",2012,"Washington",6,"Bill Driscoll","republican",129725,316386
"25410",2012,"Washington",7,"Jim McDermott","democrat",298368,374580
"25411",2012,"Washington",7,"Ron Bemis","republican",76212,374580
"25412",2012,"Washington",8,"Karen Porterfield","democrat",121886,302090
"25413",2012,"Washington",8,"David G. Reichert","republican",180204,302090
"25414",2012,"Washington",9,"Adam Smith","democrat",192034,268139
"25415",2012,"Washington",9,"Jim Postma","republican",76105,268139
"25416",2012,"Washington",10,"Richard """"Dick"""" Muri","republican",115381,278417
"25417",2012,"Washington",10,"Denny Heck","democrat",163036,278417
"25418",2012,"West Virginia",1,"David B. McKinley","republican",133809,214151
"25419",2012,"West Virginia",1,"Sue Thorn","democrat",80342,214151
"25420",2012,"West Virginia",2,"Shelley Moore Capito","republican",158206,226766
"25421",2012,"West Virginia",2,"Howard Swint","democrat",68560,226766
"25422",2012,"West Virginia",3,"Nick J. Rahall II","democrat",108199,200437
"25423",2012,"West Virginia",3,"Rick Snuffer","republican",92238,200437
"25424",2012,"Wisconsin",1,"Rob Zerban","democrat",158414,365058
"25425",2012,"Wisconsin",1,"Paul Ryan","republican",200423,365058
"25426",2012,"Wisconsin",1,"scatter","",167,365058
"25427",2012,"Wisconsin",1,"Keith Deschler","libertarian",6054,365058
"25428",2012,"Wisconsin",2,"Mark Pocan","democrat",265422,390898
"25429",2012,"Wisconsin",2,"Chad Lee","republican",124683,390898
"25430",2012,"Wisconsin",2,"scatter","",787,390898
"25431",2012,"Wisconsin",2,NA,NA,6,390898
"25432",2012,"Wisconsin",3,"Ron Kind","democrat",217712,339764
"25433",2012,"Wisconsin",3,"Ray Boland","republican",121713,339764
"25434",2012,"Wisconsin",3,"scatter","",339,339764
"25435",2012,"Wisconsin",4,"Robert R. Raymond","independent",9277,325788
"25436",2012,"Wisconsin",4,"Dan Sebring","republican",80787,325788
"25437",2012,"Wisconsin",4,"Gwen Moore","democrat",235257,325788
"25438",2012,"Wisconsin",4,"scatter","",467,325788
"25439",2012,"Wisconsin",5,"Dave Heaster","democrat",118478,369664
"25440",2012,"Wisconsin",5,"scatter","",851,369664
"25441",2012,"Wisconsin",5,"F. James Sensenbrenner, Jr.","republican",250335,369664
"25442",2012,"Wisconsin",6,"Thomas E. Petri","republican",223460,359745
"25443",2012,"Wisconsin",6,"Joe Kallas","democrat",135921,359745
"25444",2012,"Wisconsin",6,"scatter","",364,359745
"25445",2012,"Wisconsin",7,"scatter","",405,359669
"25446",2012,"Wisconsin",7,"Sean P. Duffy","republican",201720,359669
"25447",2012,"Wisconsin",7,"Pat Kreitlow","democrat",157524,359669
"25448",2012,"Wisconsin",7,NA,NA,20,359669
"25449",2012,"Wisconsin",8,"Reid J. Ribble","republican",198874,355464
"25450",2012,"Wisconsin",8,"Jamie Wall","democrat",156287,355464
"25451",2012,"Wisconsin",8,"scatter","",303,355464
"25452",2012,"Wyoming",0,"Don Wills","country party",3775,250700
"25453",2012,"Wyoming",0,"Daniel Clyde Cummings","constitution",4963,250700
"25454",2012,"Wyoming",0,"Richard P. Brubaker","libertarian",8442,250700
"25455",2012,"Wyoming",0,"Chris Henrichsen","democrat",57573,250700
"25456",2012,"Wyoming",0,"Cynthia M. Lummis","republican",166452,250700
"25457",2012,"Wyoming",0,NA,NA,416,250700
"25458",2012,"Wyoming",0,"Over Vote","",600,250700
"25459",2012,"Wyoming",0,"Blank Vote","",8479,250700
"29578",2012,"Connecticut",3,NA,NA,1,291301
"29579",2012,"Connecticut",3,"Rosa L. DeLauro","working families",20410,291301
"29580",2012,"Connecticut",3,"Wayne Winsley","republican",73726,291301
"29581",2012,"Connecticut",3,"Rosa L. DeLauro","democrat",197163,291301
